customer_id,segment,customer_lifetime_value,customer_total_payments,customer_success_rate,customer_failure_rate,average_payment,days_since_last_success
C100000,high_value,1211120.12,17,0.9133,0.0867,78002.42,30
C100001,regular,126821.1,27,0.9317,0.0683,5041.31,35
C100002,high_value,1510746.16,66,0.9327,0.0673,24542.77,58
C100003,regular,33541.47,12,0.8358,0.1642,3344.28,41
C100004,new,11320.05,4,0.7671,0.2329,3689.41,23
C100005,at_risk,130255.71,26,0.6796,0.3204,7371.6,19
C100006,high_value,696238.11,56,0.9807,0.0193,12677.07,35
C100007,high_value,1390971.15,23,0.995,0.005,60780.91,78
C100008,new,15413.06,4,0.788,0.212,4890.08,51
C100009,regular,46369.38,10,0.995,0.005,4660.24,81
C100010,regular,284873.17,24,0.918,0.082,12930.14,26
C100011,at_risk,53142.03,28,0.621,0.379,3056.19,38
C100012,regular,51434.29,13,0.8524,0.1476,4641.43,43
C100013,high_value,1226168.95,19,0.995,0.005,64859.51,59
C100014,regular,282561.46,33,0.8874,0.1126,9648.89,26
C100015,regular,369323.11,28,0.8809,0.1191,14973.74,51
C100016,regular,204437.63,33,0.9677,0.0323,6402.16,75
C100017,new,8813.46,2,0.8321,0.1679,5295.79,32
C100018,high_value,398975.19,22,0.995,0.005,18226.37,17
C100019,regular,210716.36,21,0.8937,0.1063,11227.59,77
C100020,high_value,837919.76,35,0.9577,0.0423,24997.82,54
C100021,regular,260637.91,33,0.9073,0.0927,8705.02,10
C100022,at_risk,106669.45,23,0.6552,0.3448,7078.31,32
C100023,high_value,1070129.04,59,0.995,0.005,18228.92,105
C100024,high_value,630611.25,23,0.9766,0.0234,28075.79,48
C100025,new,6564.24,2,0.8689,0.1311,3777.46,34
C100026,regular,39515.86,6,0.9504,0.0496,6929.88,15
C100027,new,3724.49,5,0.7694,0.2306,968.11,15
C100028,new,32803.81,5,0.8173,0.1827,8027.44,57
C100029,regular,135668.18,14,0.9868,0.0132,9820.54,16
C100030,high_value,1900429.96,60,0.995,0.005,31833.0,43
C100031,at_risk,98173.18,26,0.6734,0.3266,5607.12,32
C100032,regular,97757.09,6,0.9112,0.0888,17881.53,41
C100033,regular,103037.81,25,0.9002,0.0998,4578.19,30
C100034,regular,71790.49,20,0.9359,0.0641,3835.28,47
C100035,new,11731.42,3,0.8553,0.1447,4571.89,64
C100036,new,2560.0,2,0.7995,0.2005,1600.96,30
C100037,regular,48372.13,14,0.9305,0.0695,3713.4,60
C100038,regular,143455.18,14,0.9123,0.0877,11231.67,83
C100039,regular,259913.85,24,0.8952,0.1048,12096.96,43
C100040,regular,48036.76,11,0.9027,0.0973,4837.66,56
C100041,high_value,358343.83,15,0.9661,0.0339,24728.01,12
C100042,regular,39644.82,20,0.9873,0.0127,2007.71,31
C100043,regular,92753.43,23,0.8992,0.1008,4484.76,9
C100044,high_value,583930.2,55,0.9624,0.0376,11032.08,23
C100045,high_value,602253.75,30,0.9211,0.0789,21795.72,31
C100046,regular,99339.4,12,0.9422,0.0578,8785.67,111
C100047,regular,73046.61,12,0.9715,0.0285,6265.79,19
C100048,regular,112904.26,16,0.9831,0.0169,7177.8,33
C100049,new,3310.39,2,0.7892,0.2108,2097.44,16
C100050,new,9833.63,3,0.8058,0.1942,4067.62,29
C100051,new,12627.48,3,0.7731,0.2269,5444.59,47
C100052,high_value,2911584.93,67,0.9838,0.0162,44173.84,53
C100053,regular,103601.6,23,0.9241,0.0759,4874.23,26
C100054,regular,134702.27,13,0.9126,0.0874,11353.79,21
C100055,high_value,1059433.01,41,0.9662,0.0338,26743.8,90
C100056,regular,116855.42,16,0.9303,0.0697,7850.35,25
C100057,regular,169002.92,21,0.8968,0.1032,8974.23,4
C100058,new,1960.18,1,0.7691,0.2309,2548.71,75
C100059,new,5128.64,1,0.8568,0.1432,5985.59,6
C100060,regular,77646.85,11,0.995,0.005,7094.28,75
C100061,regular,163290.79,22,0.8558,0.1442,8672.91,9
C100062,regular,71377.7,10,0.8533,0.1467,8364.67,11
C100063,high_value,666256.46,29,0.9169,0.0831,25055.79,14
C100064,regular,35322.31,10,0.9054,0.0946,3901.5,23
C100065,regular,91006.11,12,0.9503,0.0497,7980.39,76
C100066,regular,131722.42,14,0.9366,0.0634,10045.57,14
C100067,regular,67562.28,6,0.9177,0.0823,12269.67,47
C100068,new,2631.82,3,0.8038,0.1962,1091.4,40
C100069,regular,236993.95,33,0.8789,0.1211,8171.57,36
C100070,regular,48111.23,14,0.899,0.101,3822.54,67
C100071,regular,109680.17,29,0.9091,0.0909,4160.26,38
C100072,high_value,447416.88,28,0.8887,0.1113,17980.18,40
C100073,regular,140436.24,32,0.8577,0.1423,5116.5,56
C100074,new,5186.73,4,0.7295,0.2705,1777.42,24
C100075,regular,197567.77,29,0.9444,0.0556,7213.88,34
C100076,regular,167925.25,30,0.921,0.079,6077.37,43
C100077,regular,26275.85,8,0.9375,0.0625,3503.45,63
C100078,regular,46217.33,16,0.8272,0.1728,3491.94,30
C100079,high_value,1149535.42,60,0.8932,0.1068,21448.81,33
C100080,regular,52008.72,27,0.9398,0.0602,2049.54,46
C100081,regular,20186.43,22,0.785,0.215,1168.93,31
C100082,high_value,2397122.19,37,0.995,0.005,65112.65,19
C100083,new,638.47,1,0.698,0.302,914.78,56
C100084,new,4792.77,3,0.818,0.182,1953.16,38
C100085,new,6902.8,1,0.74,0.26,9327.93,25
C100086,high_value,542217.86,34,0.995,0.005,16027.72,13
C100087,regular,36091.92,6,0.995,0.005,6045.55,6
C100088,new,18073.4,2,0.6777,0.3223,13334.23,48
C100089,regular,482253.27,22,0.9413,0.0587,23287.78,19
C100090,new,11392.0,4,0.6986,0.3014,4076.53,8
C100091,regular,470549.15,29,0.9292,0.0708,17462.07,17
C100092,regular,102553.43,30,0.9007,0.0993,3795.34,42
C100093,regular,109897.59,17,0.9158,0.0842,7058.62,19
C100094,regular,30287.9,12,0.869,0.131,2904.56,43
C100095,regular,41794.32,14,0.9451,0.0549,3158.64,22
C100096,regular,39790.27,14,0.8448,0.1552,3364.21,33
C100097,new,3863.81,2,0.8359,0.1641,2311.24,36
C100098,new,4615.82,2,0.7616,0.2384,3030.41,54
C100099,at_risk,233452.42,36,0.5569,0.4431,11644.88,55
C100100,at_risk,135068.53,23,0.6918,0.3082,8489.13,34
C100101,regular,83322.64,16,0.907,0.093,5741.83,15
C100102,regular,81899.61,14,0.995,0.005,5879.37,72
C100103,at_risk,77806.76,28,0.675,0.325,4117.0,25
C100104,high_value,2266586.8,55,0.9241,0.0759,44596.26,2
C100105,regular,128599.76,19,0.9062,0.0938,7469.2,41
C100106,regular,59987.62,7,0.9154,0.0846,9361.18,42
C100107,regular,68711.75,13,0.9787,0.0213,5400.64,26
C100108,new,19036.13,5,0.7997,0.2003,4760.89,9
C100109,at_risk,313666.08,24,0.6279,0.3721,20813.39,7
C100110,regular,89614.71,15,0.901,0.099,6630.72,27
C100111,regular,32329.38,10,0.9077,0.0923,3561.58,14
C100112,regular,93179.02,31,0.9687,0.0313,3102.87,63
C100113,regular,64852.52,25,0.9102,0.0898,2850.14,26
C100114,new,965.91,1,0.7622,0.2378,1267.22,24
C100115,high_value,1266012.81,44,0.9346,0.0654,30786.55,104
C100116,high_value,1636878.4,51,0.9351,0.0649,34323.95,3
C100117,regular,251755.51,32,0.8469,0.1531,9289.53,33
C100118,regular,104050.07,22,0.8762,0.1238,5397.59,6
C100119,regular,20431.56,9,0.9774,0.0226,2322.6,77
C100120,regular,180957.01,32,0.9007,0.0993,6278.33,8
C100121,regular,58517.12,19,0.9417,0.0583,3270.52,44
C100122,new,1612.61,1,0.6685,0.3315,2412.44,39
C100123,regular,378907.2,25,0.9356,0.0644,16199.99,6
C100124,new,34366.0,5,0.7727,0.2273,8894.59,44
C100125,regular,71397.11,17,0.8883,0.1117,4727.75,22
C100126,regular,173635.94,20,0.9181,0.0819,9455.82,50
C100127,new,4031.67,3,0.7577,0.2423,1773.67,21
C100128,new,1472.15,1,0.6844,0.3156,2150.92,44
C100129,regular,225146.15,20,0.9515,0.0485,11831.1,31
C100130,new,8376.35,3,0.7909,0.2091,3530.14,44
C100131,at_risk,177206.34,18,0.6059,0.3941,16248.96,49
C100132,regular,46636.37,14,0.8665,0.1335,3844.3,28
C100133,regular,125825.7,22,0.8439,0.1561,6777.63,25
C100134,regular,218928.78,27,0.9201,0.0799,8812.84,48
C100135,new,10761.32,3,0.8526,0.1474,4207.23,22
C100136,at_risk,508008.95,36,0.6291,0.3709,22429.51,29
C100137,regular,35232.64,6,0.8478,0.1522,6926.49,86
C100138,high_value,758724.05,39,0.9701,0.0299,20053.45,33
C100139,new,3625.94,2,0.7776,0.2224,2331.5,55
C100140,regular,67705.09,9,0.9489,0.0511,7928.05,19
C100141,regular,87966.38,30,0.9373,0.0627,3128.35,44
C100142,at_risk,86109.15,19,0.4856,0.5144,9332.18,29
C100143,regular,181246.74,22,0.9345,0.0655,8815.59,25
C100144,regular,146286.29,34,0.8648,0.1352,4974.93,5
C100145,regular,153282.85,23,0.846,0.154,7877.42,14
C100146,regular,233265.05,24,0.9015,0.0985,10781.12,5
C100147,regular,278994.22,32,0.9285,0.0715,9390.01,108
C100148,regular,164604.7,25,0.8362,0.1638,7874.25,31
C100149,new,8960.13,3,0.8117,0.1883,3679.55,34
C100150,high_value,442493.52,18,0.9944,0.0056,24722.65,61
C100151,high_value,431591.3,15,0.9621,0.0379,29905.77,41
C100152,new,15400.58,4,0.741,0.259,5196.18,25
C100153,regular,120189.47,15,0.8659,0.1341,9253.23,25
C100154,new,20695.07,2,0.8262,0.1738,12524.75,13
C100155,regular,167833.0,21,0.842,0.158,9491.8,46
C100156,regular,170072.33,12,0.9579,0.0421,14795.57,47
C100157,regular,86367.47,15,0.9026,0.0974,6379.4,34
C100158,high_value,366031.55,17,0.9557,0.0443,22529.61,30
C100159,high_value,1462423.73,46,0.8831,0.1169,35998.78,48
C100160,new,12468.19,5,0.7734,0.2266,3224.26,13
C100161,at_risk,161982.19,32,0.6476,0.3524,7816.33,42
C100162,regular,151134.86,25,0.8499,0.1501,7113.39,89
C100163,new,8202.44,3,0.8024,0.1976,3407.3,20
C100164,regular,99196.76,10,0.914,0.086,10852.97,28
C100165,regular,109322.51,25,0.881,0.119,4963.39,74
C100166,high_value,1650735.81,43,0.995,0.005,38582.12,34
C100167,high_value,4777912.36,56,0.8609,0.1391,99105.61,58
C100168,regular,63506.05,22,0.9256,0.0744,3118.67,44
C100169,at_risk,227681.13,26,0.6929,0.3071,12638.6,47
C100170,regular,116350.89,14,0.9748,0.0252,8525.65,19
C100171,regular,37681.96,7,0.9275,0.0725,5803.66,19
C100172,regular,77977.26,26,0.8964,0.1036,3345.65,53
C100173,at_risk,91013.32,28,0.5914,0.4086,5496.34,10
C100174,new,36196.14,5,0.7664,0.2336,9446.15,29
C100175,new,1970.4,1,0.8045,0.1955,2449.31,48
C100176,regular,216880.85,29,0.8737,0.1263,8560.0,28
C100177,at_risk,176522.45,31,0.6541,0.3459,8705.72,30
C100178,high_value,2226246.89,64,0.995,0.005,34959.91,60
C100179,high_value,240757.64,24,0.9572,0.0428,10479.95,80
C100180,high_value,3427672.55,67,0.8995,0.1005,56875.11,136
C100181,high_value,1592072.68,66,0.8995,0.1005,26817.87,76
C100182,regular,364356.99,27,0.9449,0.0551,14280.93,23
C100183,regular,43317.04,18,0.9073,0.0927,2652.34,16
C100184,high_value,4332694.01,48,0.995,0.005,90718.05,24
C100185,regular,242519.26,24,0.886,0.114,11405.33,48
C100186,regular,27459.98,18,0.9474,0.0526,1610.29,26
C100187,new,2287.47,2,0.7729,0.2271,1479.84,20
C100188,high_value,2748014.71,44,0.927,0.073,67370.41,87
C100189,regular,74432.58,16,0.892,0.108,5215.55,25
C100190,at_risk,121209.6,30,0.5661,0.4339,7136.7,46
C100191,regular,266966.61,15,0.995,0.005,17887.21,45
C100192,new,12777.45,4,0.7757,0.2243,4118.24,6
C100193,high_value,539313.14,24,0.989,0.011,22721.24,83
C100194,new,26623.39,5,0.7558,0.2442,7044.71,12
C100195,new,6485.19,2,0.7327,0.2673,4425.77,9
C100196,regular,58567.91,12,0.8995,0.1005,5426.12,23
C100197,high_value,1065591.37,24,0.995,0.005,44622.75,17
C100198,new,12430.79,5,0.7566,0.2434,3286.1,75
C100199,regular,202211.83,34,0.8708,0.1292,6829.61,40
C100200,high_value,334805.49,16,0.967,0.033,21639.54,21
C100201,at_risk,47720.74,24,0.6425,0.3575,3094.94,8
C100202,regular,243240.83,25,0.9839,0.0161,9888.56,44
C100203,new,1086.6,1,0.7959,0.2041,1365.21,27
C100204,new,8178.05,3,0.809,0.191,3369.7,48
C100205,regular,26213.56,11,0.9424,0.0576,2528.79,40
C100206,new,11360.74,2,0.7281,0.2719,7801.48,17
C100207,regular,181693.56,31,0.8667,0.1333,6762.92,52
C100208,new,3442.39,3,0.7312,0.2688,1569.23,11
C100209,regular,57239.74,10,0.8501,0.1499,6733.66,26
C100210,regular,393800.42,23,0.9458,0.0542,18103.02,29
C100211,regular,30406.62,10,0.9231,0.0769,3294.14,32
C100212,new,11695.8,5,0.7836,0.2164,2985.23,10
C100213,high_value,1266865.15,50,0.8433,0.1567,30044.43,72
C100214,regular,83892.12,16,0.995,0.005,5269.61,17
C100215,high_value,1520706.4,38,0.9198,0.0802,43509.92,7
C100216,new,9493.49,4,0.8723,0.1277,2720.72,41
C100217,new,6358.39,4,0.7148,0.2852,2223.88,107
C100218,at_risk,131837.99,26,0.5834,0.4166,8691.0,5
C100219,regular,79078.18,25,0.8109,0.1891,3900.9,14
C100220,regular,115893.81,34,0.9263,0.0737,3679.86,60
C100221,regular,353515.32,34,0.8604,0.1396,12083.9,33
C100222,regular,176199.52,31,0.8617,0.1383,6595.98,11
C100223,at_risk,73764.94,22,0.5582,0.4418,6006.32,29
C100224,regular,54301.75,12,0.945,0.055,4788.61,91
C100225,at_risk,71284.93,16,0.652,0.348,6833.13,78
C100226,new,7085.34,2,0.8615,0.1385,4112.01,152
C100227,regular,34385.02,8,0.8791,0.1209,4889.0,54
C100228,regular,140360.64,32,0.9198,0.0802,4768.48,22
C100229,new,16854.06,5,0.722,0.278,4668.84,59
C100230,new,10641.2,3,0.7649,0.2351,4637.15,19
C100231,regular,142115.99,32,0.8867,0.1133,5008.87,30
C100232,at_risk,194847.59,30,0.6409,0.3591,10134.06,19
C100233,regular,43387.54,14,0.9558,0.0442,3242.54,54
C100234,at_risk,425541.81,35,0.6646,0.3354,18294.27,50
C100235,high_value,1275499.22,25,0.9221,0.0779,55331.78,20
C100236,regular,32302.49,6,0.9549,0.0451,5637.84,69
C100237,high_value,1034540.26,22,0.958,0.042,49085.35,83
C100238,new,5678.94,4,0.7654,0.2346,1854.91,22
C100239,new,3592.94,4,0.7481,0.2519,1200.66,44
C100240,high_value,526048.73,18,0.9348,0.0652,31263.2,87
C100241,high_value,5849380.23,50,0.995,0.005,117575.48,41
C100242,regular,118281.68,24,0.9238,0.0762,5334.73,26
C100243,regular,31460.8,8,0.9179,0.0821,4284.54,31
C100244,regular,44506.0,7,0.8982,0.1018,7078.61,22
C100245,high_value,1269866.85,52,0.995,0.005,24543.23,70
C100246,regular,237098.33,33,0.9687,0.0313,7416.75,64
C100247,regular,83995.2,20,0.8776,0.1224,4785.77,120
C100248,regular,48512.4,9,0.8977,0.1023,6004.62,18
C100249,regular,460419.18,24,0.9004,0.0996,21307.2,21
C100250,regular,305975.82,16,0.9166,0.0834,20864.32,9
C100251,high_value,563863.96,49,0.9284,0.0716,12394.3,48
C100252,regular,71074.74,21,0.9297,0.0703,3640.25,13
C100253,regular,122685.83,32,0.9753,0.0247,3930.85,116
C100254,regular,37060.84,12,0.8509,0.1491,3629.63,17
C100255,high_value,263086.2,21,0.9092,0.0908,13778.55,5
C100256,high_value,1076407.64,17,0.9383,0.0617,67484.75,12
C100257,new,12624.33,4,0.7603,0.2397,4150.86,41
C100258,new,8765.89,4,0.8699,0.1301,2519.14,31
C100259,regular,266472.83,24,0.9551,0.0449,11625.28,16
C100260,new,28527.39,3,0.8225,0.1775,11561.33,30
C100261,high_value,545377.92,20,0.9481,0.0519,28761.52,20
C100262,regular,140504.32,30,0.8971,0.1029,5220.59,48
C100263,new,34057.79,4,0.7147,0.2853,11913.76,13
C100264,at_risk,87548.15,29,0.6552,0.3448,4607.76,37
C100265,new,51194.09,5,0.8021,0.1979,12765.05,38
C100266,regular,129196.84,18,0.9679,0.0321,7415.88,32
C100267,new,2927.47,2,0.7705,0.2295,1899.69,44
C100268,new,11761.02,3,0.7736,0.2264,5067.53,30
C100269,new,4855.85,1,0.7877,0.2123,6164.96,53
C100270,new,9398.54,2,0.8201,0.1799,5729.87,32
C100271,new,7937.53,4,0.7138,0.2862,2779.87,72
C100272,new,26144.56,4,0.8131,0.1869,8038.32,36
C100273,regular,602549.62,34,0.9091,0.0909,19494.54,69
C100274,regular,105890.4,19,0.8624,0.1376,6462.7,21
C100275,regular,148646.83,19,0.8162,0.1838,9585.38,14
C100276,regular,242484.68,31,0.9039,0.0961,8654.1,53
C100277,regular,110075.83,24,0.9751,0.0249,4703.39,32
C100278,high_value,1824421.36,56,0.995,0.005,32742.67,3
C100279,high_value,1194928.31,55,0.976,0.024,22260.4,18
C100280,new,6079.91,2,0.8683,0.1317,3501.08,41
C100281,new,8879.12,3,0.7781,0.2219,3803.92,30
C100282,regular,343807.4,31,0.9529,0.0471,11638.76,17
C100283,regular,101473.15,28,0.8897,0.1103,4073.35,32
C100284,regular,313169.74,26,0.8868,0.1132,13581.87,36
C100285,regular,53799.57,13,0.8795,0.1205,4705.37,7
C100286,new,4426.42,5,0.6873,0.3127,1288.1,68
C100287,regular,82230.52,17,0.9679,0.0321,4997.41,78
C100288,regular,97569.71,31,0.8811,0.1189,3572.03,18
C100289,new,3959.27,1,0.7439,0.2561,5322.06,105
C100290,high_value,657520.89,31,0.9069,0.0931,23387.72,30
C100291,new,2277.72,1,0.7708,0.2292,2954.99,20
C100292,at_risk,143857.16,32,0.6994,0.3006,6428.1,19
C100293,new,8277.93,2,0.8742,0.1258,4734.47,100
C100294,high_value,310068.62,18,0.8853,0.1147,19458.71,13
C100295,at_risk,99922.99,34,0.604,0.396,4865.35,36
C100296,at_risk,45465.77,17,0.5735,0.4265,4663.77,40
C100297,high_value,1237753.96,32,0.995,0.005,38874.18,53
C100298,high_value,1632223.56,59,0.9729,0.0271,28435.5,34
C100299,regular,79254.03,23,0.8814,0.1186,3909.7,96
C100300,high_value,807600.0,22,0.9633,0.0367,38108.99,107
C100301,new,12372.67,4,0.7585,0.2415,4077.92,82
C100302,regular,70712.88,14,0.9826,0.0174,5140.15,42
C100303,regular,23926.54,15,0.9346,0.0654,1706.7,61
C100304,high_value,2076470.06,58,0.9901,0.0099,36157.65,26
C100305,regular,126461.42,28,0.79,0.21,5717.14,70
C100306,regular,49042.77,11,0.907,0.093,4915.61,21
C100307,regular,89884.03,9,0.995,0.005,10037.3,15
C100308,regular,222706.02,28,0.9697,0.0303,8202.52,15
C100309,new,5486.98,2,0.6969,0.3031,3936.81,48
C100310,regular,55242.24,14,0.8959,0.1041,4404.39,88
C100311,regular,121054.27,28,0.8559,0.1441,5051.07,93
C100312,regular,118415.43,21,0.987,0.013,5713.1,4
C100313,regular,460878.96,34,0.921,0.079,14718.1,63
C100314,regular,76023.23,21,0.8754,0.1246,4135.2,15
C100315,regular,123630.59,31,0.9115,0.0885,4375.12,134
C100316,regular,83090.32,30,0.7927,0.2073,3494.12,11
C100317,regular,29729.26,12,0.8612,0.1388,2876.81,7
C100318,regular,238532.26,34,0.9116,0.0884,7695.64,64
C100319,at_risk,25038.53,7,0.6581,0.3419,5435.61,24
C100320,at_risk,60005.11,16,0.5326,0.4674,7040.99,23
C100321,regular,175194.53,27,0.8928,0.1072,7267.4,18
C100322,regular,113177.58,9,0.9554,0.0446,13161.83,20
C100323,regular,58413.36,6,0.8447,0.1553,11525.67,66
C100324,high_value,921227.65,40,0.9703,0.0297,23735.32,15
C100325,regular,288331.89,13,0.913,0.087,24293.68,29
C100326,high_value,294395.9,22,0.995,0.005,13448.88,14
C100327,regular,33689.13,6,0.8996,0.1004,6241.2,35
C100328,regular,81309.84,16,0.9023,0.0977,5632.26,23
C100329,regular,102528.05,34,0.9485,0.0515,3179.35,46
C100330,high_value,761774.82,66,0.9003,0.0997,12820.01,50
C100331,regular,163051.42,19,0.9001,0.0999,9534.53,89
C100332,regular,37027.14,6,0.8895,0.1105,6937.88,129
C100333,high_value,6500933.72,43,0.9537,0.0463,158516.04,19
C100334,new,13898.93,5,0.8182,0.1818,3397.53,54
C100335,regular,173895.59,20,0.9349,0.0651,9299.85,23
C100336,new,21777.46,5,0.7463,0.2537,5836.04,49
C100337,high_value,3332852.25,51,0.9662,0.0338,67639.54,47
C100338,new,7815.61,3,0.8471,0.1529,3075.55,46
C100339,at_risk,211446.33,31,0.5826,0.4174,11707.83,57
C100340,new,2138.09,2,0.7865,0.2135,1359.18,37
C100341,at_risk,198757.23,33,0.6113,0.3887,9852.56,25
C100342,high_value,1200208.23,20,0.9572,0.0428,62696.01,36
C100343,regular,34876.24,12,0.8366,0.1634,3473.92,123
C100344,high_value,720899.08,35,0.995,0.005,20700.62,21
C100345,high_value,1367108.41,49,0.9252,0.0748,30157.32,26
C100346,at_risk,58987.26,22,0.6662,0.3338,4024.84,18
C100347,regular,208692.48,30,0.882,0.118,7886.75,5
C100348,regular,51335.0,8,0.8819,0.1181,7276.59,31
C100349,new,4228.17,1,0.8346,0.1654,5066.16,51
C100350,regular,187568.45,28,0.9547,0.0453,7016.55,16
C100351,new,8164.97,5,0.7894,0.2106,2068.68,80
C100352,regular,75869.54,18,0.9443,0.0557,4463.82,45
C100353,regular,67289.73,6,0.897,0.103,12502.53,66
C100354,regular,456515.49,25,0.9096,0.0904,20074.92,42
C100355,regular,59025.9,19,0.8802,0.1198,3529.35,29
C100356,high_value,953136.68,50,0.995,0.005,19158.53,25
C100357,high_value,243729.32,18,0.9288,0.0712,14578.56,40
C100358,regular,264227.46,28,0.9768,0.0232,9660.51,43
C100359,regular,27506.62,23,0.8958,0.1042,1335.07,22
C100360,at_risk,368644.69,32,0.6209,0.3791,18553.26,29
C100361,new,6024.36,5,0.8141,0.1859,1479.93,108
C100362,new,4219.99,3,0.7811,0.2189,1800.93,36
C100363,new,9676.92,3,0.7666,0.2334,4207.75,39
C100364,regular,238876.27,28,0.9086,0.0914,9388.99,91
C100365,regular,41954.94,19,0.9502,0.0498,2323.83,43
C100366,high_value,968924.62,48,0.9302,0.0698,21701.3,33
C100367,regular,26423.58,6,0.9043,0.0957,4869.88,65
C100368,regular,25869.41,9,0.9105,0.0895,3157.05,56
C100369,high_value,4085671.24,66,0.995,0.005,62215.19,40
C100370,high_value,2640007.7,58,0.9555,0.0445,47636.88,42
C100371,regular,108743.39,19,0.9914,0.0086,5773.14,27
C100372,regular,158264.92,17,0.903,0.097,10310.25,13
C100373,regular,61034.66,29,0.8993,0.1007,2340.3,50
C100374,new,10154.76,4,0.7723,0.2277,3287.17,9
C100375,new,2522.76,4,0.7208,0.2792,875.04,13
C100376,at_risk,59320.56,7,0.5733,0.4267,14780.51,28
C100377,regular,80350.54,17,0.8861,0.1139,5333.93,26
C100378,regular,141313.77,30,0.9611,0.0389,4901.05,54
C100379,high_value,438513.91,26,0.9585,0.0415,17595.99,64
C100380,regular,151518.2,11,0.8882,0.1118,15508.36,118
C100381,at_risk,81186.79,27,0.6752,0.3248,4453.41,7
C100382,high_value,1631774.39,65,0.995,0.005,25230.37,46
C100383,regular,135422.84,17,0.9665,0.0335,8242.23,45
C100384,regular,80058.49,27,0.8716,0.1284,3401.9,41
C100385,at_risk,296686.17,28,0.5977,0.4023,17727.44,50
C100386,regular,44763.7,9,0.9916,0.0084,5015.79,58
C100387,at_risk,137319.3,22,0.6309,0.3691,9894.23,82
C100388,new,2094.6,1,0.768,0.232,2727.5,42
C100389,high_value,2337307.5,52,0.9923,0.0077,45295.84,98
C100390,regular,219205.5,15,0.9553,0.0447,15297.04,42
C100391,new,22580.18,4,0.7543,0.2457,7483.97,24
C100392,regular,239133.57,27,0.9199,0.0801,9628.27,39
C100393,regular,85863.39,23,0.9517,0.0483,3922.67,17
C100394,new,9498.29,5,0.7278,0.2722,2610.18,18
C100395,regular,143081.95,28,0.9106,0.0894,5612.03,30
C100396,high_value,358906.55,18,0.9099,0.0901,21914.82,27
C100397,regular,98894.39,20,0.8657,0.1343,5711.56,80
C100398,regular,128323.98,30,0.8847,0.1153,4835.15,30
C100399,regular,73272.24,31,0.9315,0.0685,2537.52,15
C100400,regular,136334.0,34,0.8955,0.1045,4477.7,34
C100401,at_risk,128085.9,30,0.5908,0.4092,7226.43,42
C100402,high_value,663549.85,22,0.9623,0.0377,31342.34,37
C100403,new,9157.51,4,0.7284,0.2716,3143.08,14
C100404,at_risk,142003.05,22,0.6393,0.3607,10096.55,86
C100405,high_value,2420158.24,65,0.995,0.005,37420.31,6
C100406,regular,113846.53,9,0.9064,0.0936,13955.33,37
C100407,high_value,919600.33,26,0.9509,0.0491,37196.3,14
C100408,new,16480.44,3,0.7968,0.2032,6894.39,68
C100409,at_risk,95668.24,23,0.5287,0.4713,7867.11,46
C100410,regular,113245.26,23,0.9342,0.0658,5270.75,42
C100411,regular,54994.03,9,0.995,0.005,6141.15,28
C100412,new,13638.26,3,0.7745,0.2255,5869.86,81
C100413,high_value,658713.05,20,0.9546,0.0454,34500.62,28
C100414,new,11062.85,2,0.8135,0.1865,6799.85,104
C100415,regular,82922.73,12,0.984,0.016,7022.3,17
C100416,new,1902.48,4,0.8239,0.1761,577.3,35
C100417,high_value,704777.62,39,0.863,0.137,20940.06,56
C100418,new,17395.74,2,0.8054,0.1946,10800.07,49
C100419,at_risk,218100.61,26,0.7357,0.2643,11401.47,33
C100420,regular,289120.18,14,0.938,0.062,22016.23,7
C100421,new,7707.36,2,0.728,0.272,5293.2,38
C100422,new,27482.16,2,0.7927,0.2073,17334.91,26
C100423,new,3040.98,2,0.7224,0.2776,2104.86,21
C100424,regular,151351.25,24,0.9655,0.0345,6531.8,59
C100425,high_value,873665.53,43,0.917,0.083,22157.17,6
C100426,regular,195038.67,18,0.9133,0.0867,11863.57,33
C100427,high_value,681618.57,46,0.9214,0.0786,16081.83,2
C100428,new,1680.64,2,0.7554,0.2446,1112.4,49
C100429,high_value,645016.14,51,0.995,0.005,12710.93,59
C100430,at_risk,180616.8,32,0.6247,0.3753,9035.82,38
C100431,high_value,1816756.04,69,0.9348,0.0652,28165.15,24
C100432,regular,124484.43,31,0.8585,0.1415,4677.68,80
C100433,high_value,2305018.54,56,0.8758,0.1242,46999.65,84
C100434,new,2544.84,1,0.7237,0.2763,3516.46,43
C100435,regular,72197.14,14,0.915,0.085,5635.76,92
C100436,new,9646.69,4,0.8241,0.1759,2926.39,17
C100437,regular,133191.62,23,0.8848,0.1152,6545.03,31
C100438,high_value,223546.23,16,0.995,0.005,14041.85,3
C100439,regular,104354.88,28,0.8777,0.1223,4246.22,13
C100440,high_value,628747.75,19,0.9493,0.0507,34859.74,12
C100441,new,11745.71,3,0.7314,0.2686,5352.93,49
C100442,high_value,689372.81,15,0.995,0.005,46189.13,14
C100443,new,30774.09,5,0.8744,0.1256,7039.0,5
C100444,regular,164129.1,34,0.8307,0.1693,5811.03,20
C100445,regular,123174.59,13,0.8944,0.1056,10593.39,22
C100446,at_risk,56534.7,13,0.6769,0.3231,6424.47,11
C100447,regular,95477.12,27,0.8449,0.1551,4185.4,36
C100448,new,2663.74,1,0.8055,0.1945,3306.93,41
C100449,regular,50180.7,8,0.965,0.035,6500.32,8
C100450,new,9380.55,4,0.7835,0.2165,2993.08,54
C100451,high_value,387283.62,36,0.9848,0.0152,10924.35,16
C100452,regular,199399.5,21,0.9892,0.0108,9598.49,22
C100453,new,4265.66,1,0.8677,0.1323,4916.18,47
C100454,new,6908.27,3,0.7772,0.2228,2962.84,22
C100455,new,6364.46,3,0.756,0.244,2806.04,13
C100456,at_risk,18607.45,15,0.5786,0.4214,2143.96,35
C100457,regular,70922.49,18,0.954,0.046,4130.28,68
C100458,high_value,789542.63,34,0.8983,0.1017,25851.74,63
C100459,regular,352097.48,33,0.8986,0.1014,11873.15,20
C100460,regular,173269.32,28,0.9146,0.0854,6765.85,15
C100461,new,15605.18,3,0.7574,0.2426,6868.19,18
C100462,at_risk,135452.28,19,0.6326,0.3674,11269.62,63
C100463,regular,188992.65,32,0.995,0.005,5935.7,18
C100464,regular,58450.27,30,0.9045,0.0955,2153.99,89
C100465,regular,80114.09,17,0.8904,0.1096,5292.63,46
C100466,regular,205756.43,27,0.9557,0.0443,7973.93,32
C100467,at_risk,47497.46,12,0.6308,0.3692,6274.95,20
C100468,new,26821.99,4,0.8448,0.1552,7937.66,35
C100469,regular,93438.33,6,0.9174,0.0826,16975.0,13
C100470,regular,175653.31,22,0.8988,0.1012,8883.02,9
C100471,regular,70139.01,7,0.8297,0.1703,12076.01,46
C100472,new,25033.44,5,0.7071,0.2929,7080.48,32
C100473,new,4376.09,2,0.6974,0.3026,3137.46,55
C100474,regular,83672.1,27,0.9271,0.0729,3342.75,40
C100475,regular,174925.36,34,0.8487,0.1513,6062.06,20
C100476,regular,307358.73,25,0.9665,0.0335,12720.47,63
C100477,regular,109063.47,30,0.9114,0.0886,3989.03,22
C100478,regular,119238.05,12,0.899,0.101,11052.7,75
C100479,regular,288458.75,34,0.872,0.128,9729.15,21
C100480,regular,148921.46,21,0.938,0.062,7560.22,10
C100481,regular,118508.54,25,0.8738,0.1262,5424.99,83
C100482,regular,91586.05,28,0.8657,0.1343,3778.55,20
C100483,regular,399057.95,24,0.9635,0.0365,17257.74,22
C100484,new,3466.44,5,0.796,0.204,871.01,10
C100485,regular,124136.37,15,0.8994,0.1006,9201.13,30
C100486,regular,169279.49,23,0.9389,0.0611,7839.23,12
C100487,regular,113173.22,24,0.9104,0.0896,5179.64,80
C100488,regular,184616.62,30,0.9272,0.0728,6636.81,24
C100489,regular,118071.8,19,0.8732,0.1268,7116.36,15
C100490,regular,161169.01,20,0.995,0.005,8098.94,34
C100491,regular,172092.07,20,0.8839,0.1161,9734.63,127
C100492,regular,37281.08,9,0.98,0.02,4226.79,35
C100493,regular,20924.51,8,0.9015,0.0985,2901.34,27
C100494,high_value,4871977.5,66,0.995,0.005,74188.78,33
C100495,regular,38523.54,6,0.943,0.057,6808.4,57
C100496,regular,59773.38,25,0.9616,0.0384,2486.39,54
C100497,regular,85403.89,18,0.8722,0.1278,5440.05,39
C100498,regular,145947.75,31,0.9584,0.0416,4912.33,64
C100499,regular,219955.67,26,0.9931,0.0069,8518.7,34
C100500,high_value,1348961.95,35,0.9484,0.0516,40640.49,29
C100501,high_value,164982.3,16,0.9616,0.0384,10723.59,34
C100502,at_risk,126586.66,16,0.5964,0.4036,13264.71,21
C100503,regular,172988.49,10,0.8944,0.1056,19341.06,58
C100504,regular,17613.19,8,0.987,0.013,2230.62,20
C100505,high_value,2483388.71,63,0.9148,0.0852,43089.7,5
C100506,regular,315189.34,16,0.8676,0.1324,22705.43,9
C100507,high_value,573768.17,29,0.995,0.005,19884.53,42
C100508,regular,171649.22,32,0.9381,0.0619,5717.95,18
C100509,new,2782.57,1,0.8754,0.1246,3178.56,54
C100510,new,3249.27,2,0.7597,0.2403,2138.44,32
C100511,high_value,2754203.16,65,0.9657,0.0343,43878.14,58
C100512,new,4827.2,2,0.7503,0.2497,3216.98,5
C100513,regular,50489.11,7,0.9164,0.0836,7870.31,20
C100514,regular,27259.71,11,0.8302,0.1698,2985.13,15
C100515,new,9173.2,5,0.8108,0.1892,2262.69,143
C100516,regular,62389.67,6,0.9246,0.0754,11246.78,23
C100517,high_value,1120107.75,57,0.9574,0.0426,20525.18,8
C100518,new,2632.78,1,0.7624,0.2376,3453.13,41
C100519,high_value,1688330.98,63,0.9197,0.0803,29137.6,14
C100520,high_value,1329574.27,60,0.9927,0.0073,22321.47,62
C100521,regular,96917.41,17,0.8573,0.1427,6649.97,69
C100522,new,2860.58,2,0.803,0.197,1781.1,15
C100523,regular,212585.25,34,0.995,0.005,6283.93,18
C100524,new,3867.76,3,0.8468,0.1532,1522.41,39
C100525,regular,47155.97,25,0.8423,0.1577,2239.47,63
C100526,at_risk,110827.17,17,0.5958,0.4042,10941.14,42
C100527,at_risk,61166.82,15,0.639,0.361,6381.86,23
C100528,high_value,632610.36,22,0.9568,0.0432,30052.15,10
C100529,regular,114674.73,20,0.847,0.153,6769.25,95
C100530,regular,95981.65,10,0.9273,0.0727,10350.22,43
C100531,regular,83065.67,16,0.9095,0.0905,5707.89,108
C100532,regular,259076.07,21,0.995,0.005,12398.95,47
C100533,regular,141589.47,13,0.8986,0.1014,12120.46,99
C100534,new,32255.89,5,0.8326,0.1674,7748.6,17
C100535,regular,101319.44,26,0.853,0.147,4568.57,18
C100536,regular,458972.99,34,0.8637,0.1363,15628.79,28
C100537,new,4542.27,3,0.8125,0.1875,1863.55,16
C100538,new,14506.56,5,0.8288,0.1712,3500.75,7
C100539,high_value,986610.78,49,0.9169,0.0831,21959.36,19
C100540,at_risk,183558.44,19,0.6211,0.3789,15555.03,47
C100541,regular,62148.91,11,0.8478,0.1522,6663.96,11
C100542,high_value,934317.49,37,0.9518,0.0482,26529.34,12
C100543,at_risk,132233.09,22,0.6577,0.3423,9139.34,20
C100544,new,19798.71,4,0.7604,0.2396,6509.08,14
C100545,regular,78054.66,13,0.8988,0.1012,6680.29,21
C100546,regular,53072.84,9,0.8592,0.1408,6863.67,29
C100547,new,19044.36,4,0.7508,0.2492,6341.15,12
C100548,high_value,766184.03,49,0.995,0.005,15714.98,21
C100549,regular,166509.39,27,0.9133,0.0867,6752.59,31
C100550,regular,25141.55,19,0.8649,0.1351,1529.94,16
C100551,new,17973.9,4,0.7658,0.2342,5867.42,10
C100552,new,3017.65,1,0.7081,0.2919,4261.52,17
C100553,at_risk,148207.19,29,0.5744,0.4256,8897.85,24
C100554,new,14140.88,3,0.8412,0.1588,5603.35,7
C100555,regular,74250.87,14,0.9036,0.0964,5869.52,47
C100556,regular,36654.12,12,0.995,0.005,3069.86,25
C100557,regular,115202.51,8,0.9057,0.0943,15899.49,17
C100558,regular,268404.55,19,0.9084,0.0916,15551.36,8
C100559,regular,243747.81,25,0.9388,0.0612,10385.06,43
C100560,new,16910.98,3,0.6597,0.3403,8544.35,69
C100561,regular,62886.05,12,0.9192,0.0808,5701.02,20
C100562,high_value,2107570.15,56,0.9578,0.0422,39293.54,102
C100563,regular,21883.95,6,0.9769,0.0231,3733.68,30
C100564,regular,82011.7,19,0.9534,0.0466,4527.33,31
C100565,regular,406313.86,25,0.859,0.141,18920.67,56
C100566,high_value,1380583.23,42,0.995,0.005,33036.21,45
C100567,new,7088.43,2,0.7682,0.2318,4613.69,11
C100568,regular,61782.18,16,0.8693,0.1307,4441.95,19
C100569,regular,21254.38,13,0.9189,0.0811,1779.31,63
C100570,regular,103191.86,10,0.9009,0.0991,11454.62,45
C100571,high_value,392614.43,32,0.995,0.005,12330.86,102
C100572,regular,370668.72,27,0.9253,0.0747,14836.33,40
C100573,high_value,3263191.27,65,0.9693,0.0307,51795.41,46
C100574,high_value,1381675.39,51,0.995,0.005,27227.81,17
C100575,regular,465862.65,30,0.9592,0.0408,16189.63,68
C100576,at_risk,71880.14,15,0.6553,0.3447,7313.12,3
C100577,regular,313759.46,28,0.9739,0.0261,11506.29,35
C100578,high_value,2039810.04,63,0.9874,0.0126,32791.41,47
C100579,regular,242525.3,21,0.9175,0.0825,12586.67,39
C100580,regular,168035.52,26,0.9658,0.0342,6692.02,31
C100581,regular,31952.08,17,0.9059,0.0941,2074.75,28
C100582,new,828.64,1,0.7815,0.2185,1060.33,32
C100583,regular,39106.47,6,0.9875,0.0125,6600.44,13
C100584,at_risk,563050.12,34,0.693,0.307,23897.0,38
C100585,regular,133158.6,16,0.9096,0.0904,9149.21,17
C100586,new,1885.59,1,0.7596,0.2404,2482.38,20
C100587,regular,153093.13,26,0.9758,0.0242,6033.96,12
C100588,new,17964.18,4,0.816,0.184,5503.61,163
C100589,new,7396.64,4,0.7942,0.2058,2328.33,36
C100590,at_risk,63986.1,21,0.6055,0.3945,5032.0,9
C100591,regular,130628.18,24,0.9249,0.0751,5884.62,34
C100592,regular,118215.95,34,0.909,0.091,3824.92,68
C100593,regular,112111.3,34,0.8801,0.1199,3746.59,38
C100594,new,15767.25,2,0.7858,0.2142,10032.52,30
C100595,regular,214104.14,13,0.9219,0.0781,17863.93,16
C100596,regular,97651.35,6,0.8931,0.1069,18223.15,38
C100597,regular,80214.93,13,0.9507,0.0493,6490.54,52
C100598,at_risk,131932.28,30,0.678,0.322,6486.37,53
C100599,regular,224340.28,31,0.9536,0.0464,7588.55,36
C100600,regular,98648.26,29,0.8976,0.1024,3789.86,36
C100601,high_value,1271439.22,28,0.994,0.006,45682.09,75
C100602,at_risk,20085.64,9,0.6235,0.3765,3579.32,70
C100603,high_value,1982495.07,61,0.9044,0.0956,35935.68,27
C100604,at_risk,91775.81,11,0.6503,0.3497,12830.39,97
C100605,high_value,1761286.16,32,0.9666,0.0334,56943.48,10
C100606,high_value,1016125.11,40,0.995,0.005,25530.78,37
C100607,new,11361.77,4,0.8456,0.1544,3359.18,39
C100608,high_value,3259201.57,62,0.992,0.008,52991.61,15
C100609,regular,68210.3,8,0.9212,0.0788,9255.5,8
C100610,regular,156953.12,10,0.9174,0.0826,17109.08,16
C100611,regular,53332.72,22,0.8648,0.1352,2803.1,59
C100612,at_risk,59371.73,20,0.5417,0.4583,5479.67,61
C100613,at_risk,58187.51,17,0.5807,0.4193,5893.9,50
C100614,regular,190402.59,25,0.9079,0.0921,8389.14,18
C100615,high_value,944287.33,34,0.8653,0.1347,32098.39,61
C100616,high_value,1038914.86,28,0.9355,0.0645,39662.09,19
C100617,regular,267199.1,34,0.8989,0.1011,8743.1,38
C100618,new,11398.72,4,0.7703,0.2297,3699.41,31
C100619,new,27273.05,5,0.7502,0.2498,7270.66,23
C100620,high_value,2299899.54,65,0.9446,0.0554,37456.99,49
C100621,regular,231671.41,27,0.9876,0.0124,8688.37,55
C100622,at_risk,81726.57,22,0.6498,0.3502,5716.93,17
C100623,regular,170349.06,12,0.8848,0.1152,16044.27,33
C100624,at_risk,51407.65,10,0.6169,0.3831,8332.89,53
C100625,regular,126698.54,7,0.9087,0.0913,19917.77,1
C100626,high_value,3735447.69,68,0.9254,0.0746,59358.72,42
C100627,new,11582.55,5,0.7454,0.2546,3107.79,54
C100628,regular,131091.01,24,0.9555,0.0445,5716.67,43
C100629,high_value,1343474.6,32,0.9411,0.0589,44610.72,45
C100630,at_risk,42527.31,21,0.5707,0.4293,3548.23,30
C100631,high_value,698348.55,31,0.9581,0.0419,23513.56,52
C100632,new,15411.36,5,0.7853,0.2147,3924.91,11
C100633,regular,170057.4,22,0.8212,0.1788,9412.59,16
C100634,new,4886.02,1,0.7782,0.2218,6278.89,44
C100635,new,4403.86,4,0.8191,0.1809,1344.18,52
C100636,regular,202679.15,32,0.9303,0.0697,6808.22,68
C100637,regular,100501.1,22,0.995,0.005,4591.19,88
C100638,high_value,566413.76,27,0.995,0.005,21083.71,18
C100639,high_value,464707.78,16,0.995,0.005,29190.19,13
C100640,high_value,884295.72,45,0.995,0.005,19749.76,59
C100641,high_value,484873.08,29,0.9941,0.0059,16818.71,23
C100642,new,4578.49,2,0.7873,0.2127,2907.57,31
C100643,regular,143911.74,20,0.9538,0.0462,7543.98,55
C100644,regular,116492.8,14,0.8848,0.1152,9403.92,37
C100645,high_value,547770.0,61,0.9648,0.0352,9307.02,51
C100646,new,13514.71,3,0.7509,0.2491,5999.72,16
C100647,regular,54365.69,8,0.9279,0.0721,7323.68,40
C100648,regular,109296.1,31,0.8807,0.1193,4003.43,39
C100649,new,10944.08,4,0.7491,0.2509,3652.47,67
C100650,regular,135648.81,29,0.9286,0.0714,5037.17,77
C100651,high_value,292908.0,24,0.9538,0.0462,12795.62,22
C100652,regular,41643.98,10,0.8233,0.1767,5058.41,14
C100653,regular,89796.31,26,0.8445,0.1555,4089.64,53
C100654,high_value,3979418.55,49,0.9084,0.0916,89404.49,7
C100655,regular,107542.01,16,0.8703,0.1297,7723.36,55
C100656,high_value,859378.7,42,0.9786,0.0214,20907.8,58
C100657,regular,135448.75,18,0.9199,0.0801,8180.59,21
C100658,regular,320141.02,30,0.9579,0.0421,11139.94,2
C100659,regular,114840.81,30,0.9439,0.0561,4055.65,62
C100660,regular,49870.15,11,0.9582,0.0418,4731.25,81
C100661,high_value,4050513.94,48,0.9874,0.0126,85464.45,77
C100662,new,28685.37,4,0.7894,0.2106,9084.14,79
C100663,new,3126.95,3,0.8295,0.1705,1256.6,10
C100664,regular,203572.91,14,0.9514,0.0486,15284.14,33
C100665,regular,159611.37,29,0.9269,0.0731,5937.75,39
C100666,high_value,782459.61,21,0.995,0.005,37447.22,35
C100667,at_risk,27769.84,29,0.5144,0.4856,1861.41,51
C100668,regular,189678.73,32,0.8969,0.1031,6608.62,13
C100669,regular,42325.47,8,0.8962,0.1038,5903.2,7
C100670,new,4853.12,5,0.8319,0.1681,1166.8,5
C100671,regular,356627.16,30,0.9807,0.0193,12121.36,63
C100672,at_risk,179270.22,30,0.5547,0.4453,10771.99,10
C100673,regular,241090.98,20,0.9735,0.0265,12382.66,35
C100674,regular,236411.98,23,0.8573,0.1427,11989.92,20
C100675,regular,45306.77,8,0.8586,0.1414,6595.68,21
C100676,at_risk,16044.91,13,0.6095,0.3905,2025.12,28
C100677,regular,90077.19,25,0.8957,0.1043,4022.74,21
C100678,new,4097.54,1,0.7099,0.2901,5772.23,7
C100679,regular,440040.05,25,0.9392,0.0608,18740.17,28
C100680,new,4980.47,1,0.8106,0.1894,6144.38,17
C100681,regular,249172.95,25,0.9574,0.0426,10410.05,16
C100682,new,2347.53,1,0.7605,0.2395,3086.85,96
C100683,regular,128582.96,28,0.9082,0.0918,5056.32,9
C100684,regular,426492.02,33,0.9086,0.0914,14223.6,27
C100685,regular,143204.68,30,0.986,0.014,4841.46,37
C100686,regular,298333.55,27,0.7825,0.2175,14121.37,96
C100687,at_risk,136704.7,17,0.5769,0.4231,13938.17,12
C100688,high_value,1121191.93,40,0.9602,0.0398,29190.13,75
C100689,regular,429117.98,34,0.8611,0.1389,14656.13,27
C100690,regular,87943.58,25,0.8984,0.1016,3915.67,28
C100691,high_value,614577.81,49,0.9543,0.0457,13142.67,49
C100692,regular,197013.22,25,0.8804,0.1196,8951.04,82
C100693,regular,191598.45,21,0.9129,0.0871,9994.22,21
C100694,at_risk,328496.35,23,0.6483,0.3517,22031.75,39
C100695,regular,689622.1,28,0.8994,0.1006,27385.19,35
C100696,high_value,932601.92,33,0.9396,0.0604,30077.14,34
C100697,regular,31200.57,8,0.9025,0.0975,4321.21,55
C100698,regular,260019.02,20,0.9097,0.0903,14292.01,18
C100699,regular,98240.0,18,0.8317,0.1683,6562.31,24
C100700,regular,97811.74,32,0.9308,0.0692,3283.97,7
C100701,regular,43310.08,8,0.8897,0.1103,6084.89,46
C100702,new,18996.41,5,0.8368,0.1632,4540.42,33
C100703,high_value,5279253.38,63,0.9866,0.0134,84936.04,81
C100704,regular,150377.58,24,0.9627,0.0373,6508.82,12
C100705,regular,34525.89,11,0.8645,0.1355,3630.65,104
C100706,high_value,2932771.52,44,0.9433,0.0567,70661.27,52
C100707,high_value,1072301.02,34,0.9041,0.0959,34884.01,50
C100708,regular,210120.16,31,0.8783,0.1217,7717.56,20
C100709,regular,319117.71,30,0.9663,0.0337,11007.72,26
C100710,at_risk,113599.34,23,0.6869,0.3131,7190.04,22
C100711,regular,76321.69,12,0.8583,0.1417,7409.87,72
C100712,high_value,239722.18,16,0.9394,0.0606,15949.54,6
C100713,at_risk,367332.11,32,0.6166,0.3834,18617.69,29
C100714,high_value,419502.1,24,0.9864,0.0136,17721.11,30
C100715,new,11944.12,3,0.7008,0.2992,5681.11,22
C100716,regular,125320.8,31,0.8379,0.1621,4824.89,15
C100717,new,4961.75,3,0.802,0.198,2062.16,3
C100718,regular,98515.77,20,0.8223,0.1777,5990.31,29
C100719,at_risk,85033.43,18,0.5999,0.4001,7874.86,46
C100720,regular,202216.06,34,0.9173,0.0827,6483.78,33
C100721,regular,183681.22,27,0.9287,0.0713,7325.26,15
C100722,new,6841.01,4,0.7736,0.2264,2210.71,31
C100723,at_risk,382302.21,28,0.6035,0.3965,22622.57,82
C100724,new,9716.36,3,0.818,0.182,3959.37,18
C100725,new,14982.64,3,0.7928,0.2072,6299.19,36
C100726,regular,63252.81,6,0.8809,0.1191,11967.67,40
C100727,new,1282.23,1,0.7817,0.2183,1640.32,9
C100728,regular,76993.75,11,0.9272,0.0728,7548.65,25
C100729,regular,50439.37,17,0.9873,0.0127,3005.12,25
C100730,regular,54123.52,12,0.9454,0.0546,4770.86,32
C100731,new,2568.6,1,0.8347,0.1653,3077.44,70
C100732,new,11236.0,5,0.7525,0.2475,2986.22,11
C100733,regular,56812.97,9,0.8864,0.1136,7121.47,73
C100734,new,10600.64,3,0.7694,0.2306,4592.55,49
C100735,regular,370552.61,34,0.9035,0.0965,12062.13,106
C100736,regular,355726.29,31,0.8646,0.1354,13271.48,4
C100737,regular,300263.37,18,0.967,0.033,17251.16,2
C100738,regular,79598.17,12,0.9498,0.0502,6984.13,143
C100739,regular,97512.0,11,0.8962,0.1038,9890.97,9
C100740,new,2815.11,1,0.8089,0.1911,3480.27,16
C100741,new,3878.32,2,0.79,0.21,2454.54,16
C100742,high_value,763724.49,41,0.9924,0.0076,18770.23,47
C100743,new,11339.45,2,0.7195,0.2805,7880.02,26
C100744,regular,84440.27,32,0.9034,0.0966,2920.77,18
C100745,regular,112067.62,15,0.9074,0.0926,8233.71,94
C100746,regular,20251.51,6,0.9381,0.0619,3598.1,3
C100747,regular,94135.81,17,0.8817,0.1183,6280.22,61
C100748,high_value,1900058.1,37,0.8475,0.1525,60593.19,30
C100749,high_value,4158545.61,62,0.9113,0.0887,73599.9,17
C100750,regular,593073.4,19,0.9073,0.0927,34405.39,19
C100751,regular,168284.21,24,0.9129,0.0871,7681.06,24
C100752,regular,59765.08,15,0.9858,0.0142,4041.86,16
C100753,regular,243695.89,32,0.9362,0.0638,8134.27,55
C100754,regular,107251.61,24,0.9137,0.0863,4891.07,23
C100755,regular,118372.89,34,0.9085,0.0915,3832.02,50
C100756,regular,317339.08,16,0.9597,0.0403,20666.81,19
C100757,at_risk,123524.23,35,0.5934,0.4066,5947.08,36
C100758,new,3814.48,2,0.7737,0.2263,2465.13,36
C100759,regular,241512.82,24,0.861,0.139,11687.84,32
C100760,regular,122478.91,16,0.9739,0.0261,7860.48,75
C100761,new,4618.07,2,0.7977,0.2023,2894.75,80
C100762,new,3722.69,4,0.7482,0.2518,1243.95,53
C100763,new,1705.43,1,0.7748,0.2252,2200.99,65
C100764,at_risk,16586.78,15,0.6429,0.3571,1719.9,51
C100765,new,7525.73,2,0.7687,0.2313,4894.99,21
C100766,new,9776.53,3,0.7559,0.2441,4310.93,28
C100767,new,11636.22,3,0.7506,0.2494,5167.81,4
C100768,new,19910.45,5,0.7953,0.2047,5007.32,14
C100769,regular,121780.55,26,0.8939,0.1061,5239.88,9
C100770,regular,131591.18,27,0.8896,0.1104,5478.7,17
C100771,regular,193553.51,15,0.8499,0.1501,15182.86,38
C100772,regular,231933.04,33,0.9135,0.0865,7693.84,21
C100773,high_value,1844619.54,58,0.9518,0.0482,33412.78,57
C100774,new,52040.52,5,0.7655,0.2345,13596.02,14
C100775,high_value,565918.23,23,0.9689,0.0311,25393.75,48
C100776,regular,33766.44,30,0.9437,0.0563,1192.75,13
C100777,new,3493.9,2,0.8116,0.1884,2152.55,71
C100778,high_value,3254822.28,47,0.9849,0.0151,70315.21,14
C100779,high_value,648314.58,39,0.9492,0.0508,17513.67,43
C100780,regular,674894.19,31,0.8845,0.1155,24614.07,18
C100781,at_risk,143621.08,33,0.573,0.427,7595.07,87
C100782,regular,76196.21,12,0.8833,0.1167,7188.53,85
C100783,regular,185937.8,26,0.9109,0.0891,7851.11,42
C100784,at_risk,227104.03,16,0.5846,0.4154,24279.14,42
C100785,regular,97235.62,9,0.9143,0.0857,11816.35,54
C100786,high_value,565832.83,20,0.9166,0.0834,30867.39,48
C100787,regular,63116.39,9,0.8353,0.1647,8396.15,59
C100788,high_value,1963810.06,51,0.995,0.005,38699.58,14
C100789,regular,296163.64,34,0.8887,0.1113,9802.15,32
C100790,regular,44914.28,10,0.8723,0.1277,5148.75,19
C100791,regular,88188.98,31,0.8608,0.1392,3304.93,84
C100792,regular,126810.63,18,0.929,0.071,7583.16,10
C100793,new,3085.21,3,0.8419,0.1581,1221.57,94
C100794,new,1347.04,1,0.7619,0.2381,1768.1,32
C100795,regular,180047.36,14,0.9003,0.0997,14284.72,60
C100796,new,7339.06,4,0.8282,0.1718,2215.3,21
C100797,new,1297.8,1,0.6985,0.3015,1857.91,10
C100798,high_value,817159.37,44,0.995,0.005,18665.13,82
C100799,regular,36231.89,8,0.995,0.005,4551.75,45
C100800,high_value,336770.83,19,0.8382,0.1618,21145.87,11
C100801,regular,98604.89,25,0.9056,0.0944,4355.28,29
C100802,high_value,751760.34,40,0.9276,0.0724,20259.86,27
C100803,regular,297070.37,26,0.8981,0.1019,12722.38,44
C100804,new,2831.33,1,0.7612,0.2388,3719.7,14
C100805,new,25805.57,4,0.8165,0.1835,7900.99,11
C100806,regular,86909.16,19,0.9049,0.0951,5054.69,35
C100807,new,7036.4,1,0.739,0.261,9521.39,15
C100808,regular,135697.52,29,0.9023,0.0977,5186.16,84
C100809,at_risk,116560.0,16,0.6432,0.3568,11326.79,56
C100810,new,10590.73,3,0.7267,0.2733,4857.69,55
C100811,new,9937.7,1,0.7059,0.2941,14077.67,4
C100812,at_risk,109658.16,27,0.7097,0.2903,5722.93,21
C100813,regular,69967.33,15,0.8811,0.1189,5293.99,25
C100814,new,8593.43,4,0.7738,0.2262,2776.3,13
C100815,high_value,3388306.92,55,0.9421,0.0579,65391.82,48
C100816,high_value,2709123.47,32,0.9847,0.0153,85978.68,43
C100817,regular,130361.06,21,0.9898,0.0102,6271.8,53
C100818,regular,35849.24,14,0.9361,0.0639,2735.46,64
C100819,regular,89464.74,22,0.8417,0.1583,4831.54,62
C100820,new,3477.23,4,0.7177,0.2823,1211.22,151
C100821,regular,59233.8,9,0.892,0.108,7378.01,31
C100822,regular,125381.15,19,0.8979,0.1021,7349.14,27
C100823,regular,214844.26,21,0.8325,0.1675,12288.92,47
C100824,high_value,1081042.63,34,0.995,0.005,31955.15,72
C100825,new,15222.24,3,0.7311,0.2689,6940.19,7
C100826,regular,384308.24,22,0.9772,0.0228,17876.16,16
C100827,regular,266649.63,18,0.9919,0.0081,14934.41,20
C100828,high_value,515775.96,21,0.9488,0.0512,25885.35,33
C100829,regular,239865.73,24,0.9298,0.0702,10749.52,22
C100830,regular,102367.03,20,0.8546,0.1454,5989.44,65
C100831,regular,60596.43,14,0.9381,0.0619,4614.09,37
C100832,regular,69915.46,12,0.8876,0.1124,6564.23,29
C100833,regular,185369.29,24,0.8611,0.1389,8969.86,44
C100834,high_value,531075.37,26,0.947,0.053,21569.6,5
C100835,regular,299694.61,33,0.889,0.111,10215.11,42
C100836,high_value,1930403.58,68,0.9454,0.0546,30028.83,15
C100837,at_risk,170706.32,26,0.6627,0.3373,9906.86,57
C100838,regular,216246.18,27,0.8747,0.1253,9156.82,6
C100839,regular,144201.82,24,0.9881,0.0119,6080.92,46
C100840,new,3815.71,5,0.7204,0.2796,1059.37,15
C100841,high_value,1080720.44,49,0.995,0.005,22166.35,73
C100842,regular,277113.52,32,0.8643,0.1357,10019.93,7
C100843,regular,378666.99,32,0.91,0.09,13004.33,32
C100844,new,4871.85,3,0.7579,0.2421,2142.58,52
C100845,high_value,644721.92,24,0.9445,0.0555,28440.97,40
C100846,regular,199571.89,20,0.9461,0.0539,10547.52,40
C100847,regular,56185.27,9,0.9775,0.0225,6386.55,10
C100848,new,4091.05,1,0.8336,0.1664,4907.85,10
C100849,at_risk,217210.21,24,0.6018,0.3982,15039.39,39
C100850,new,2581.39,1,0.7883,0.2117,3274.66,35
C100851,new,4605.08,2,0.7448,0.2552,3091.46,13
C100852,high_value,1413228.04,41,0.9154,0.0846,37655.36,12
C100853,at_risk,55915.37,13,0.5684,0.4316,7566.96,29
C100854,regular,87799.23,24,0.8903,0.1097,4109.02,23
C100855,regular,89671.31,24,0.9212,0.0788,4055.77,103
C100856,high_value,524497.12,25,0.874,0.126,24005.31,76
C100857,high_value,1009780.65,39,0.9579,0.0421,27029.37,56
C100858,regular,61201.41,14,0.9782,0.0218,4468.86,82
C100859,regular,215740.23,30,0.9605,0.0395,7487.19,19
C100860,high_value,581758.78,23,0.9337,0.0663,27090.89,21
C100861,high_value,1107449.87,49,0.8971,0.1029,25192.28,68
C100862,high_value,1061614.33,46,0.9807,0.0193,23532.94,32
C100863,regular,216081.82,31,0.8057,0.1943,8651.17,34
C100864,new,2696.66,2,0.83,0.17,1624.58,12
C100865,at_risk,215374.23,8,0.6104,0.3896,44105.97,66
C100866,high_value,2224334.99,49,0.995,0.005,45622.71,47
C100867,high_value,389793.0,39,0.8823,0.1177,11328.17,26
C100868,new,5708.99,2,0.8213,0.1787,3475.51,21
C100869,regular,40551.24,15,0.9055,0.0945,2985.63,74
C100870,high_value,2021888.05,30,0.9451,0.0549,71311.05,19
C100871,new,9655.25,2,0.7184,0.2816,6720.37,8
C100872,at_risk,133077.82,36,0.6468,0.3532,5715.15,76
C100873,regular,88025.08,19,0.9404,0.0596,4926.38,77
C100874,regular,80946.48,11,0.9903,0.0097,7430.62,19
C100875,high_value,900482.34,28,0.995,0.005,32321.69,117
C100876,regular,38503.71,11,0.8833,0.1167,3962.91,30
C100877,regular,92774.52,13,0.8648,0.1352,8251.95,19
C100878,regular,74509.26,16,0.8484,0.1516,5488.84,46
C100879,regular,55416.64,13,0.9763,0.0237,4366.32,10
C100880,regular,58562.73,10,0.875,0.125,6693.02,14
C100881,regular,141777.73,18,0.9766,0.0234,8065.18,39
C100882,at_risk,345774.76,35,0.6436,0.3564,15349.36,34
C100883,regular,90471.66,24,0.9248,0.0752,4075.98,59
C100884,new,8150.1,3,0.7662,0.2338,3545.72,12
C100885,regular,80178.32,15,0.9397,0.0603,5688.04,104
C100886,regular,160528.53,21,0.9093,0.0907,8406.67,23
C100887,new,1557.57,1,0.7634,0.2366,2040.34,34
C100888,new,5048.37,4,0.8113,0.1887,1555.6,22
C100889,regular,50206.59,13,0.9035,0.0965,4274.44,10
C100890,regular,59355.41,26,0.8741,0.1259,2611.79,31
C100891,at_risk,305759.44,36,0.647,0.353,13127.39,51
C100892,regular,60779.99,24,0.9071,0.0929,2791.8,27
C100893,new,3316.89,2,0.802,0.198,2067.89,16
C100894,high_value,1025030.19,26,0.9396,0.0604,41959.59,61
C100895,high_value,1538260.02,38,0.9056,0.0944,44700.74,62
C100896,regular,168407.81,33,0.9881,0.0119,5164.84,26
C100897,regular,21584.36,7,0.9796,0.0204,3147.7,41
C100898,new,14810.6,4,0.8198,0.1802,4516.69,61
C100899,regular,143750.35,30,0.8925,0.1075,5368.54,51
C100900,regular,218393.39,15,0.8965,0.1035,16240.7,40
C100901,regular,20724.04,7,0.9722,0.0278,3045.22,49
C100902,new,10030.5,3,0.7641,0.2359,4375.87,43
C100903,regular,127533.04,26,0.8815,0.1185,5564.29,32
C100904,at_risk,78647.44,22,0.7043,0.2957,5076.15,11
C100905,regular,190658.45,10,0.9079,0.0921,21000.99,14
C100906,regular,88561.17,11,0.9896,0.0104,8135.8,44
C100907,new,7458.04,5,0.7171,0.2829,2080.14,22
C100908,regular,168494.98,34,0.9333,0.0667,5309.8,43
C100909,regular,71194.16,12,0.995,0.005,5962.66,11
C100910,high_value,761963.07,39,0.9613,0.0387,20323.24,17
C100911,high_value,894504.09,52,0.9481,0.0519,18143.28,27
C100912,at_risk,120578.72,35,0.5675,0.4325,6071.19,3
C100913,at_risk,217743.22,21,0.6687,0.3313,15505.67,15
C100914,at_risk,36014.03,7,0.5853,0.4147,8789.46,19
C100915,at_risk,67501.01,11,0.6157,0.3843,9966.09,36
C100916,new,1807.66,3,0.7244,0.2756,831.74,26
C100917,new,7818.33,2,0.8501,0.1499,4598.69,38
C100918,regular,166284.77,21,0.962,0.038,8231.36,33
C100919,regular,165091.23,11,0.9086,0.0914,16518.43,25
C100920,new,4265.24,3,0.7281,0.2719,1952.78,19
C100921,high_value,287622.85,17,0.995,0.005,17004.01,34
C100922,regular,39036.04,9,0.8935,0.1065,4854.14,72
C100923,regular,22117.34,6,0.8603,0.1397,4284.98,19
C100924,new,15352.51,4,0.7007,0.2993,5477.53,101
C100925,regular,16093.92,6,0.8809,0.1191,3044.87,34
C100926,new,4589.58,3,0.7145,0.2855,2141.04,57
C100927,high_value,732201.67,30,0.932,0.068,26188.23,41
C100928,regular,123320.09,19,0.9435,0.0565,6879.22,46
C100929,high_value,2535277.26,61,0.9431,0.0569,44069.15,15
C100930,regular,50007.43,18,0.926,0.074,3000.19,22
C100931,regular,30935.26,7,0.8774,0.1226,5036.55,7
C100932,regular,57599.96,16,0.9129,0.0871,3943.33,27
C100933,high_value,1407405.19,65,0.995,0.005,21761.19,49
C100934,high_value,2612132.86,66,0.9443,0.0557,41911.48,27
C100935,regular,141463.34,13,0.9273,0.0727,11734.93,60
C100936,at_risk,21252.34,14,0.5496,0.4504,2762.3,24
C100937,new,4687.23,3,0.8484,0.1516,1841.59,18
C100938,high_value,237313.7,31,0.9385,0.0615,8156.71,21
C100939,new,9595.73,3,0.8273,0.1727,3866.4,52
C100940,regular,97788.4,22,0.9045,0.0955,4914.47,87
C100941,high_value,527221.32,22,0.9875,0.0125,24267.44,108
C100942,new,26257.06,2,0.8102,0.1898,16204.15,48
C100943,regular,244578.47,34,0.8896,0.1104,8085.84,58
C100944,regular,67082.65,26,0.9591,0.0409,2690.03,8
C100945,regular,195840.69,32,0.8758,0.1242,6987.56,11
C100946,regular,34861.96,11,0.945,0.055,3353.7,16
C100947,high_value,1343074.33,25,0.9424,0.0576,57004.09,75
C100948,high_value,586185.54,22,0.9757,0.0243,27307.55,74
C100949,regular,54881.74,12,0.8892,0.1108,5143.3,123
C100950,regular,540210.06,27,0.9122,0.0878,21932.37,15
C100951,regular,130926.52,14,0.8616,0.1384,10853.61,29
C100952,regular,167373.77,30,0.9211,0.0789,6056.76,7
C100953,new,8907.24,2,0.782,0.218,5695.25,9
C100954,at_risk,131391.67,18,0.5957,0.4043,12253.86,25
C100955,high_value,1219817.14,67,0.9575,0.0425,19013.86,16
C100956,high_value,1272206.6,63,0.966,0.034,20903.86,16
C100957,regular,632952.37,19,0.8823,0.1177,37758.86,20
C100958,regular,39081.65,11,0.9042,0.0958,3929.28,80
C100959,regular,320074.55,30,0.8648,0.1352,12337.84,65
C100960,regular,58459.9,21,0.995,0.005,2797.79,14
C100961,regular,157855.23,29,0.9577,0.0423,5683.94,64
C100962,new,15148.7,5,0.7923,0.2077,3824.03,17
C100963,new,14721.12,4,0.8327,0.1673,4419.46,8
C100964,at_risk,189423.29,37,0.5309,0.4691,9642.54,19
C100965,regular,46778.49,19,0.7949,0.2051,3097.26,39
C100966,at_risk,73924.47,16,0.602,0.398,7674.48,15
C100967,new,805.09,1,0.718,0.282,1121.35,48
C100968,regular,60609.31,9,0.8994,0.1006,7488.02,20
C100969,regular,154048.8,25,0.9193,0.0807,6703.21,41
C100970,regular,46993.53,9,0.9514,0.0486,5488.12,14
C100971,new,6149.03,5,0.7288,0.2712,1687.49,32
C100972,new,2184.28,4,0.798,0.202,684.31,16
C100973,at_risk,163224.39,26,0.6206,0.3794,10115.02,26
C100974,regular,274249.21,25,0.9256,0.0744,11851.25,102
C100975,regular,75938.19,18,0.8866,0.1134,4758.33,23
C100976,regular,211796.03,28,0.9722,0.0278,7780.11,11
C100977,regular,286475.27,31,0.9053,0.0947,10207.34,33
C100978,regular,48377.27,17,0.9898,0.0102,2874.94,34
C100979,new,8020.88,1,0.7444,0.2556,10774.49,33
C100980,at_risk,56091.44,14,0.6534,0.3466,6131.57,46
C100981,high_value,320441.44,59,0.9573,0.0427,5673.38,22
C100982,high_value,894026.42,55,0.9453,0.0547,17196.51,49
C100983,regular,125291.15,31,0.9385,0.0615,4306.71,31
C100984,new,28962.05,4,0.7665,0.2335,9445.74,10
C100985,at_risk,73539.13,27,0.5002,0.4998,5445.04,54
C100986,regular,46530.17,9,0.7722,0.2278,6695.43,35
C100987,new,11348.5,3,0.8373,0.1627,4518.12,47
C100988,regular,79866.67,9,0.9654,0.0346,9192.49,11
C100989,high_value,1761947.76,33,0.995,0.005,53660.66,56
C100990,regular,439072.98,34,0.9092,0.0908,14203.42,120
C100991,high_value,805135.25,41,0.9018,0.0982,21775.07,10
C100992,high_value,1333931.49,61,0.9411,0.0589,23235.89,61
C100993,regular,115626.46,22,0.9105,0.0895,5772.29,36
C100994,at_risk,94286.08,24,0.5747,0.4253,6836.09,31
C100995,regular,102129.5,19,0.9842,0.0158,5461.61,56
C100996,regular,40022.7,10,0.995,0.005,4022.38,52
C100997,new,15314.25,5,0.8015,0.1985,3821.29,71
C100998,at_risk,36652.07,10,0.6195,0.3805,5916.29,12
C100999,regular,92931.34,14,0.8517,0.1483,7793.53,73
C101000,new,3253.85,3,0.8496,0.1504,1276.64,40
C101001,regular,126055.08,25,0.9134,0.0866,5520.05,7
C101002,new,6983.47,3,0.767,0.233,3035.02,23
C101003,new,17991.24,2,0.8017,0.1983,11221.34,36
C101004,regular,143262.43,29,0.8836,0.1164,5590.59,22
C101005,regular,181059.47,32,0.9166,0.0834,6172.87,28
C101006,at_risk,384783.7,21,0.5551,0.4449,33009.18,20
C101007,regular,143518.25,17,0.9589,0.0411,8803.92,160
C101008,high_value,468956.42,59,0.9553,0.0447,8320.32,49
C101009,regular,87147.35,19,0.9621,0.0379,4767.16,33
C101010,regular,38297.84,10,0.9009,0.0991,4250.83,13
C101011,regular,59598.08,8,0.9039,0.0961,8242.06,71
C101012,regular,18951.68,18,0.8554,0.1446,1230.79,45
C101013,at_risk,75734.98,8,0.6542,0.3458,14471.16,15
C101014,regular,89320.79,22,0.8706,0.1294,4663.56,15
C101015,new,5780.01,2,0.7581,0.2419,3812.11,29
C101016,regular,28262.83,9,0.91,0.09,3450.72,33
C101017,high_value,507898.19,43,0.9655,0.0345,12234.22,49
C101018,new,6820.68,4,0.7032,0.2968,2424.78,30
C101019,regular,192677.49,17,0.8996,0.1004,12598.71,52
C101020,high_value,3503738.26,61,0.995,0.005,57726.97,22
C101021,high_value,1350667.13,34,0.943,0.057,42127.85,30
C101022,at_risk,93594.74,36,0.6099,0.3901,4262.84,73
C101023,regular,112283.99,24,0.9173,0.0827,5100.25,53
C101024,regular,125229.14,29,0.9043,0.0957,4775.07,32
C101025,regular,180359.63,33,0.8636,0.1364,6328.48,39
C101026,at_risk,538965.99,29,0.6184,0.3816,30055.15,30
C101027,regular,67092.64,15,0.9547,0.0453,4684.91,9
C101028,high_value,496296.03,37,0.9127,0.0873,14696.45,90
C101029,regular,79087.62,17,0.8931,0.1069,5208.78,15
C101030,regular,180209.66,31,0.8478,0.1522,6856.61,24
C101031,regular,127608.45,26,0.9524,0.0476,5153.52,143
C101032,regular,60448.61,13,0.9058,0.0942,5133.22,13
C101033,at_risk,129965.98,37,0.5817,0.4183,6038.07,29
C101034,regular,85228.24,25,0.9142,0.0858,3729.28,76
C101035,regular,29492.38,10,0.8558,0.1442,3446.02,102
C101036,regular,110257.84,19,0.8635,0.1365,6720.43,45
C101037,regular,90943.21,14,0.8443,0.1557,7693.94,72
C101038,regular,86848.97,34,0.862,0.138,2963.34,27
C101039,new,4694.48,5,0.8411,0.1589,1116.3,2
C101040,new,32063.63,5,0.747,0.253,8584.53,68
C101041,regular,64338.79,7,0.931,0.069,9872.67,31
C101042,regular,258961.67,30,0.8724,0.1276,9894.99,25
C101043,regular,146862.83,14,0.9442,0.0558,11110.4,23
C101044,new,9816.06,4,0.7338,0.2662,3344.14,51
C101045,regular,48924.52,7,0.9118,0.0882,7665.59,50
C101046,new,3496.5,4,0.7824,0.2176,1117.27,32
C101047,high_value,1287224.83,61,0.995,0.005,21208.09,43
C101048,high_value,1021269.38,35,0.9884,0.0116,29522.5,13
C101049,regular,203772.6,25,0.8833,0.1167,9227.58,27
C101050,regular,508490.45,25,0.9408,0.0592,21618.87,13
C101051,new,5045.32,3,0.8762,0.1238,1919.36,13
C101052,regular,46072.7,10,0.8367,0.1633,5506.7,40
C101053,new,2264.2,2,0.7421,0.2579,1525.56,33
C101054,regular,23022.86,7,0.8993,0.1007,3657.11,22
C101055,regular,22424.23,9,0.8912,0.1088,2795.66,26
C101056,at_risk,172681.98,35,0.605,0.395,8154.64,43
C101057,regular,247066.3,17,0.8513,0.1487,17071.71,52
C101058,regular,150606.65,9,0.9732,0.0268,17195.28,46
C101059,regular,85979.8,26,0.846,0.154,3908.96,6
C101060,at_risk,105108.73,12,0.611,0.389,14335.84,3
C101061,regular,33359.1,8,0.9571,0.0429,4356.97,17
C101062,regular,138380.5,28,0.9086,0.0914,5439.06,3
C101063,regular,342125.04,31,0.8659,0.1341,12745.06,83
C101064,regular,70707.45,26,0.8493,0.1507,3202.03,25
C101065,at_risk,39305.9,29,0.6097,0.3903,2223.2,10
C101066,regular,63701.24,33,0.8759,0.1241,2203.75,25
C101067,regular,649517.42,33,0.9192,0.0808,21411.65,5
C101068,new,9213.35,4,0.7169,0.2831,3212.76,10
C101069,regular,51142.96,7,0.9466,0.0534,7718.4,24
C101070,high_value,839879.64,56,0.9652,0.0348,15538.6,21
C101071,regular,114986.27,15,0.9185,0.0815,8345.56,24
C101072,regular,158495.33,28,0.9748,0.0252,5806.59,44
C101073,at_risk,32933.46,8,0.6003,0.3997,6857.72,60
C101074,high_value,360338.19,39,0.9273,0.0727,9963.4,35
C101075,regular,111526.54,15,0.8854,0.1146,8397.92,63
C101076,regular,68782.47,27,0.9013,0.0987,2826.36,21
C101077,regular,103822.35,28,0.9059,0.0941,4093.07,68
C101078,regular,204331.33,34,0.8726,0.1274,6887.02,35
C101079,regular,22900.16,15,0.819,0.181,1864.16,57
C101080,regular,77910.86,16,0.8848,0.1152,5503.68,22
C101081,at_risk,133233.88,38,0.6362,0.3638,5511.16,34
C101082,at_risk,183146.22,32,0.6261,0.3739,9140.76,111
C101083,high_value,847767.42,31,0.995,0.005,27484.76,34
C101084,at_risk,201716.4,28,0.708,0.292,10175.41,60
C101085,high_value,1103367.25,27,0.9942,0.0058,41105.1,65
C101086,high_value,1984073.59,48,0.995,0.005,41542.58,48
C101087,high_value,1979579.45,41,0.9945,0.0055,48549.21,54
C101088,regular,31504.51,6,0.9869,0.0131,5320.2,22
C101089,regular,76527.16,14,0.9933,0.0067,5503.16,16
C101090,regular,64034.17,14,0.9528,0.0472,4800.44,13
C101091,regular,67257.23,19,0.9418,0.0582,3758.66,42
C101092,regular,38688.6,18,0.9008,0.0992,2386.16,33
C101093,regular,191761.71,30,0.9081,0.0919,7038.63,40
C101094,regular,138072.71,28,0.8948,0.1052,5510.93,11
C101095,regular,77260.46,27,0.938,0.062,3050.78,18
C101096,regular,35423.41,6,0.8776,0.1224,6727.45,59
C101097,high_value,425076.22,35,0.9514,0.0486,12765.43,37
C101098,high_value,1454726.01,55,0.854,0.146,30970.76,35
C101099,new,6868.82,2,0.8575,0.1425,4004.96,27
C101100,new,3886.68,2,0.7701,0.2299,2523.56,17
C101101,regular,97708.3,19,0.9305,0.0695,5526.64,70
C101102,high_value,386289.38,15,0.995,0.005,25882.04,77
C101103,high_value,556748.93,20,0.9735,0.0265,28594.83,34
C101104,new,24504.51,5,0.845,0.155,5799.91,29
C101105,high_value,1617470.69,67,0.9041,0.0959,26701.44,81
C101106,new,9812.73,3,0.8879,0.1121,3683.95,19
C101107,regular,130598.56,27,0.9589,0.0411,5044.2,23
C101108,at_risk,186758.95,39,0.6294,0.3706,7608.17,57
C101109,new,11786.59,2,0.8441,0.1559,6981.52,22
C101110,new,10092.19,5,0.7274,0.2726,2774.82,32
C101111,regular,23144.88,13,0.897,0.103,1984.78,4
C101112,regular,166063.34,18,0.975,0.025,9462.38,79
C101113,at_risk,134528.65,34,0.536,0.464,7382.19,54
C101114,at_risk,361030.34,35,0.6452,0.3548,15987.02,67
C101115,new,101843.95,5,0.8039,0.1961,25335.96,15
C101116,new,4212.84,2,0.8686,0.1314,2425.03,90
C101117,high_value,945634.71,51,0.8888,0.1112,20862.45,30
C101118,regular,87508.7,27,0.9824,0.0176,3299.02,70
C101119,high_value,240009.36,45,0.9348,0.0652,5705.4,42
C101120,regular,173683.23,29,0.8899,0.1101,6730.17,56
C101121,new,4231.86,3,0.725,0.275,1945.65,44
C101122,high_value,776729.67,15,0.911,0.089,56837.9,22
C101123,new,4300.93,3,0.7982,0.2018,1796.19,8
C101124,regular,107507.99,30,0.8599,0.1401,4167.24,74
C101125,regular,89122.96,18,0.9433,0.0567,5248.82,2
C101126,regular,183301.48,17,0.8802,0.1198,12250.45,60
C101127,regular,126625.66,17,0.8554,0.1446,8707.56,74
C101128,regular,268122.02,25,0.8862,0.1138,12101.44,10
C101129,at_risk,49449.79,8,0.6352,0.3648,9731.88,23
C101130,at_risk,24963.98,5,0.6075,0.3925,8218.34,9
C101131,regular,127902.15,18,0.9115,0.0885,7795.25,20
C101132,new,9903.27,4,0.8113,0.1887,3051.56,66
C101133,high_value,1682148.35,47,0.995,0.005,35970.24,55
C101134,at_risk,202825.04,38,0.606,0.394,8807.09,50
C101135,regular,118577.35,17,0.863,0.137,8082.34,23
C101136,regular,22291.51,10,0.9134,0.0866,2440.43,2
C101137,regular,96572.97,19,0.9312,0.0688,5458.44,11
C101138,new,4087.79,5,0.7143,0.2857,1144.61,27
C101139,regular,59958.81,12,0.8699,0.1301,5743.69,13
C101140,regular,234819.61,21,0.8776,0.1224,12740.91,60
C101141,high_value,479053.72,38,0.9506,0.0494,13261.14,92
C101142,high_value,1693275.48,47,0.9258,0.0742,38916.56,41
C101143,high_value,395510.07,17,0.9918,0.0082,23457.25,9
C101144,regular,127785.16,31,0.8378,0.1622,4920.33,76
C101145,regular,176625.33,28,0.8389,0.1611,7519.31,35
C101146,high_value,1013158.84,45,0.945,0.055,23825.65,32
C101147,high_value,861022.76,46,0.9521,0.0479,19659.67,47
C101148,regular,118089.84,19,0.8445,0.1555,7359.33,11
C101149,high_value,1127807.64,30,0.9327,0.0673,40306.35,24
C101150,new,9688.8,3,0.762,0.238,4238.58,30
C101151,high_value,309537.07,17,0.9423,0.0577,19322.97,39
C101152,new,3192.72,4,0.7868,0.2132,1014.42,42
C101153,new,8750.27,3,0.7502,0.2498,3887.82,47
C101154,regular,407934.33,34,0.9765,0.0235,12286.78,20
C101155,new,5831.08,5,0.802,0.198,1454.19,6
C101156,new,6094.52,3,0.7437,0.2563,2731.69,27
C101157,new,8132.25,2,0.7843,0.2157,5184.71,29
C101158,regular,187993.37,34,0.9156,0.0844,6039.03,6
C101159,high_value,1110353.23,68,0.995,0.005,16410.78,19
C101160,new,35349.59,3,0.753,0.247,15648.69,36
C101161,regular,174232.25,18,0.9445,0.0555,10248.02,22
C101162,high_value,2903810.4,54,0.9619,0.0381,55905.18,35
C101163,new,7356.53,5,0.8471,0.1529,1736.83,21
C101164,new,10641.07,4,0.8381,0.1619,3174.2,50
C101165,high_value,1290779.98,49,0.9689,0.0311,27189.0,14
C101166,high_value,1495085.15,57,0.9482,0.0518,27662.56,32
C101167,regular,66470.85,28,0.9328,0.0672,2544.99,33
C101168,high_value,2131458.39,51,0.9519,0.0481,43906.07,59
C101169,new,1870.83,1,0.8556,0.1444,2186.54,25
C101170,regular,36660.65,15,0.9135,0.0865,2675.38,91
C101171,high_value,430543.15,22,0.9417,0.0583,20780.7,89
C101172,regular,51042.0,31,0.8893,0.1107,1851.44,15
C101173,high_value,839854.74,40,0.9054,0.0946,23189.81,31
C101174,regular,149833.13,16,0.935,0.065,10015.1,10
C101175,high_value,2064115.85,63,0.9231,0.0769,35493.19,45
C101176,regular,117429.55,13,0.9594,0.0406,9415.14,22
C101177,regular,81605.73,9,0.8518,0.1482,10644.65,35
C101178,regular,123028.04,30,0.9157,0.0843,4478.34,26
C101179,regular,64194.53,14,0.9618,0.0382,4767.64,156
C101180,high_value,332775.8,30,0.8631,0.1369,12851.23,29
C101181,new,1731.57,1,0.8708,0.1292,1988.43,27
C101182,new,5019.55,3,0.7609,0.2391,2199.06,61
C101183,new,23511.51,5,0.7863,0.2137,5979.91,67
C101184,new,6160.23,3,0.8057,0.1943,2548.56,38
C101185,high_value,2286913.6,68,0.9927,0.0073,33879.22,68
C101186,regular,162660.29,29,0.9223,0.0777,6081.35,140
C101187,at_risk,228051.96,13,0.6649,0.3351,26384.31,25
C101188,new,36396.55,3,0.8034,0.1966,15101.83,12
C101189,regular,113801.95,8,0.9892,0.0108,14379.98,42
C101190,regular,308071.13,20,0.9335,0.0665,16500.78,64
C101191,regular,180143.92,18,0.995,0.005,10058.29,86
C101192,high_value,354573.37,18,0.995,0.005,19797.51,48
C101193,at_risk,91615.34,19,0.5387,0.4613,8950.23,33
C101194,high_value,1576878.17,33,0.995,0.005,48024.31,17
C101195,new,13836.17,4,0.7542,0.2458,4586.65,74
C101196,regular,137177.08,18,0.9773,0.0227,7797.97,40
C101197,regular,123453.08,10,0.9112,0.0888,13548.32,6
C101198,regular,43265.73,8,0.9577,0.0423,5646.8,111
C101199,high_value,1279975.29,34,0.929,0.071,40522.7,12
C101200,regular,78691.62,16,0.9382,0.0618,5242.43,65
C101201,regular,103375.59,19,0.8986,0.1014,6054.73,38
C101202,high_value,1799721.93,48,0.995,0.005,37682.62,7
C101203,regular,102304.62,29,0.9297,0.0703,3794.34,30
C101204,new,4477.19,3,0.8221,0.1779,1815.31,25
C101205,new,9412.33,5,0.6826,0.3174,2757.72,9
C101206,regular,101639.75,19,0.9061,0.0939,5903.51,45
C101207,regular,42434.64,13,0.9285,0.0715,3515.66,59
C101208,regular,136618.5,13,0.9201,0.0799,11422.17,31
C101209,regular,192183.1,23,0.9533,0.0467,8765.56,25
C101210,high_value,280704.19,24,0.9435,0.0565,12395.95,47
C101211,high_value,736293.69,27,0.9622,0.0378,28341.58,1
C101212,regular,247371.82,18,0.9632,0.0368,14268.6,23
C101213,regular,68550.42,32,0.8075,0.1925,2653.01,24
C101214,regular,311850.43,18,0.9365,0.0635,18499.35,32
C101215,regular,53894.25,22,0.895,0.105,2737.21,8
C101216,regular,20453.79,7,0.8689,0.1311,3362.66,4
C101217,regular,47013.76,11,0.9251,0.0749,4619.79,13
C101218,regular,386395.93,30,0.9652,0.0348,13343.76,44
C101219,new,6873.12,4,0.8268,0.1732,2078.33,24
C101220,new,18225.38,4,0.7739,0.2261,5887.36,13
C101221,regular,104794.52,15,0.9494,0.0506,7358.58,100
C101222,high_value,796728.42,51,0.995,0.005,15700.63,25
C101223,regular,92705.45,18,0.9061,0.0939,5684.23,32
C101224,new,3613.16,4,0.7488,0.2512,1206.3,73
C101225,high_value,821448.05,30,0.9314,0.0686,29397.87,36
C101226,regular,91618.9,23,0.9477,0.0523,4203.25,47
C101227,regular,19386.0,7,0.9081,0.0919,3049.68,16
C101228,at_risk,19683.95,6,0.5729,0.4271,5726.19,34
C101229,new,4123.57,4,0.7042,0.2958,1463.96,92
C101230,regular,229632.41,20,0.9474,0.0526,12118.67,43
C101231,regular,142867.99,16,0.8854,0.1146,10085.05,38
C101232,new,1893.98,1,0.7949,0.2051,2382.76,27
C101233,regular,132081.98,10,0.9658,0.0342,13676.1,10
C101234,regular,123865.51,18,0.8511,0.1489,8085.34,68
C101235,new,12733.32,3,0.778,0.222,5455.8,30
C101236,regular,24685.85,18,0.9023,0.0977,1519.9,18
C101237,regular,33430.56,11,0.9271,0.0729,3278.16,9
C101238,new,6519.78,1,0.8358,0.1642,7801.0,40
C101239,new,18549.93,3,0.7202,0.2798,8585.85,12
C101240,high_value,521372.68,63,0.9856,0.0144,8396.32,69
C101241,regular,168585.7,21,0.9564,0.0436,8393.7,19
C101242,regular,129117.75,27,0.9016,0.0984,5303.98,34
C101243,new,3821.76,1,0.7738,0.2262,4938.86,42
C101244,regular,57717.43,13,0.9288,0.0712,4779.99,39
C101245,regular,111495.58,34,0.9255,0.0745,3543.19,59
C101246,regular,235697.87,23,0.9362,0.0638,10946.03,21
C101247,regular,218760.91,28,0.9353,0.0647,8353.73,33
C101248,high_value,729915.68,62,0.9158,0.0842,12855.09,49
C101249,at_risk,39967.3,26,0.6646,0.3354,2313.11,86
C101250,new,8282.8,3,0.8325,0.1675,3316.42,56
C101251,new,9250.1,2,0.7884,0.2116,5866.57,64
C101252,new,1185.58,1,0.7128,0.2872,1663.36,25
C101253,regular,61985.33,8,0.9048,0.0952,8563.06,43
C101254,new,832.29,1,0.7887,0.2113,1055.21,78
C101255,high_value,1624873.04,31,0.9085,0.0915,57694.73,31
C101256,high_value,1560858.92,45,0.9438,0.0562,36751.41,43
C101257,high_value,730651.54,33,0.8966,0.1034,24694.95,7
C101258,regular,120398.08,28,0.9373,0.0627,4587.43,52
C101259,at_risk,65223.98,33,0.6275,0.3725,3149.94,38
C101260,new,9845.01,3,0.7059,0.2941,4648.65,50
C101261,regular,99457.54,15,0.9258,0.0742,7161.79,26
C101262,regular,73480.42,26,0.9075,0.0925,3114.38,5
C101263,at_risk,129152.74,34,0.6432,0.3568,5905.44,54
C101264,regular,156621.26,29,0.8924,0.1076,6052.05,18
C101265,high_value,554896.08,33,0.9239,0.0761,18199.4,8
C101266,new,1356.79,1,0.7453,0.2547,1820.43,36
C101267,at_risk,111051.33,25,0.5958,0.4042,7455.83,94
C101268,regular,19163.55,13,0.9108,0.0892,1618.4,16
C101269,regular,32696.47,13,0.9167,0.0833,2743.78,19
C101270,at_risk,95441.84,28,0.6114,0.3886,5574.97,55
C101271,regular,33952.91,7,0.891,0.109,5444.09,28
C101272,regular,493622.4,23,0.8942,0.1058,24001.52,53
C101273,regular,67261.33,28,0.995,0.005,2414.26,26
C101274,new,12500.97,5,0.7453,0.2547,3354.54,23
C101275,regular,49341.02,17,0.8849,0.1151,3279.97,17
C101276,new,14045.92,4,0.9282,0.0718,3783.01,41
C101277,new,13142.78,4,0.7989,0.2011,4112.54,17
C101278,high_value,756715.8,51,0.8979,0.1021,16524.72,22
C101279,regular,69416.82,10,0.9479,0.0521,7323.06,68
C101280,regular,224231.35,15,0.869,0.131,17201.3,120
C101281,regular,117433.5,17,0.9509,0.0491,7264.48,44
C101282,regular,275591.15,32,0.9005,0.0995,9563.75,70
C101283,regular,43252.1,9,0.8902,0.1098,5398.49,24
C101284,at_risk,153109.61,22,0.6924,0.3076,10051.13,27
C101285,at_risk,71371.24,20,0.6455,0.3545,5528.47,38
C101286,regular,70224.2,15,0.9538,0.0462,4908.46,18
C101287,regular,151718.33,24,0.9296,0.0704,6800.55,23
C101288,regular,48333.06,12,0.89,0.11,4525.57,52
C101289,regular,281353.16,31,0.9375,0.0625,9680.86,33
C101290,regular,82918.2,32,0.9644,0.0356,2686.8,29
C101291,regular,165147.41,17,0.9161,0.0839,10604.68,28
C101292,regular,177735.24,27,0.9911,0.0089,6642.07,13
C101293,regular,147884.06,27,0.9483,0.0517,5775.97,37
C101294,regular,60530.9,25,0.9195,0.0805,2633.1,18
C101295,regular,38430.92,11,0.9213,0.0787,3792.09,7
C101296,new,5061.95,1,0.7862,0.2138,6438.71,12
C101297,new,17400.87,4,0.7237,0.2763,6011.12,28
C101298,high_value,992490.25,31,0.9559,0.0441,33491.21,49
C101299,regular,80926.26,7,0.92,0.08,12566.83,58
C101300,regular,82645.51,16,0.8913,0.1087,5795.45,9
C101301,regular,63079.49,9,0.9252,0.0748,7575.51,46
C101302,high_value,548874.67,23,0.961,0.039,24833.65,97
C101303,regular,53003.18,14,0.9448,0.0552,4007.07,60
C101304,high_value,2016134.32,29,0.9898,0.0102,70235.46,36
C101305,at_risk,66493.26,24,0.6275,0.3725,4415.07,38
C101306,regular,130263.82,24,0.8485,0.1515,6396.96,35
C101307,regular,69626.88,23,0.9906,0.0094,3056.04,22
C101308,new,12294.18,4,0.7736,0.2264,3972.97,62
C101309,at_risk,271687.92,37,0.6164,0.3836,11913.35,15
C101310,regular,73718.25,12,0.8946,0.1054,6867.07,37
C101311,at_risk,151467.14,13,0.598,0.402,19483.11,7
C101312,regular,46837.46,6,0.9795,0.0205,7969.76,66
C101313,new,4424.1,2,0.8424,0.1576,2625.98,36
C101314,new,3003.15,1,0.8,0.2,3753.95,9
C101315,regular,84217.79,12,0.9052,0.0948,7753.47,81
C101316,regular,70464.94,19,0.9379,0.0621,3954.41,30
C101317,new,5582.44,3,0.7833,0.2167,2375.54,11
C101318,high_value,1701819.74,66,0.9514,0.0486,27101.18,103
C101319,high_value,876285.48,29,0.9752,0.0248,30984.7,26
C101320,regular,134224.13,28,0.8901,0.1099,5385.31,17
C101321,regular,128757.97,16,0.9214,0.0786,8734.31,38
C101322,new,9724.32,4,0.7892,0.2108,3080.48,12
C101323,high_value,482951.94,35,0.9871,0.0129,13978.5,22
C101324,regular,71461.8,14,0.8821,0.1179,5786.41,75
C101325,high_value,1195783.28,49,0.992,0.008,24601.63,27
C101326,regular,101305.73,21,0.8692,0.1308,5549.92,44
C101327,regular,130989.6,8,0.8842,0.1158,18517.37,77
C101328,regular,40970.42,12,0.8862,0.1138,3852.64,26
C101329,new,14045.05,1,0.7318,0.2682,19193.58,16
C101330,high_value,658037.81,20,0.995,0.005,33067.23,50
C101331,regular,71416.25,7,0.8664,0.1336,11775.63,10
C101332,regular,63546.15,21,0.8785,0.1215,3444.32,15
C101333,at_risk,55338.69,21,0.6765,0.3235,3895.35,8
C101334,at_risk,144838.94,26,0.5943,0.4057,9373.22,73
C101335,high_value,674371.25,29,0.9515,0.0485,24438.63,34
C101336,new,2893.78,1,0.7345,0.2655,3940.02,51
C101337,regular,158913.03,18,0.9475,0.0525,9317.85,16
C101338,high_value,548475.7,24,0.995,0.005,22967.99,43
C101339,regular,199119.94,22,0.9433,0.0567,9595.42,44
C101340,new,7543.21,2,0.8042,0.1958,4689.95,103
C101341,high_value,2248472.79,65,0.9633,0.0367,35909.35,48
C101342,regular,100084.22,23,0.8864,0.1136,4909.15,58
C101343,regular,49400.34,17,0.8733,0.1267,3327.4,36
C101344,at_risk,37739.29,24,0.678,0.322,2319.12,1
C101345,regular,64383.85,31,0.9444,0.0556,2199.13,40
C101346,regular,130324.72,32,0.8788,0.1212,4634.32,28
C101347,regular,71243.54,9,0.9118,0.0882,8681.74,27
C101348,regular,103087.67,32,0.8965,0.1035,3593.43,22
C101349,new,4840.64,3,0.7292,0.2708,2212.67,27
C101350,high_value,4409320.44,66,0.968,0.032,69016.82,19
C101351,high_value,1712640.91,56,0.9413,0.0587,32489.94,55
C101352,regular,65395.9,11,0.8671,0.1329,6856.0,14
C101353,regular,31640.8,13,0.8434,0.1566,2885.7,94
C101354,high_value,1402137.89,28,0.8896,0.1104,56289.04,51
C101355,new,15553.73,3,0.7633,0.2367,6792.44,65
C101356,regular,108761.62,21,0.9062,0.0938,5715.4,15
C101357,regular,18067.74,6,0.8706,0.1294,3458.82,21
C101358,regular,93584.38,16,0.9393,0.0607,6227.11,35
C101359,new,13373.86,3,0.7771,0.2229,5737.02,32
C101360,regular,50801.25,11,0.936,0.064,4934.29,52
C101361,regular,57866.75,19,0.9018,0.0982,3377.38,33
C101362,regular,114744.25,29,0.8746,0.1254,4524.11,97
C101363,new,9050.23,2,0.7851,0.2149,5763.48,15
C101364,regular,106162.05,32,0.8532,0.1468,3888.47,12
C101365,regular,35377.13,12,0.9343,0.0657,3155.49,20
C101366,regular,214878.64,21,0.8678,0.1322,11790.72,27
C101367,new,3305.54,1,0.8213,0.1787,4024.67,68
C101368,new,5242.54,1,0.7648,0.2352,6855.06,42
C101369,regular,97032.24,19,0.9578,0.0422,5331.89,2
C101370,new,5835.37,1,0.7295,0.2705,7999.33,2
C101371,at_risk,10851.15,6,0.5895,0.4105,3067.9,29
C101372,regular,32307.57,18,0.9271,0.0729,1935.91,23
C101373,high_value,2016799.56,48,0.995,0.005,42227.8,30
C101374,at_risk,56880.17,15,0.695,0.305,5456.15,27
C101375,new,13157.53,4,0.7819,0.2181,4207.12,88
C101376,regular,109916.76,24,0.9927,0.0073,4613.55,62
C101377,high_value,2630487.12,51,0.947,0.053,54466.82,21
C101378,regular,350672.73,34,0.9594,0.0406,10749.87,32
C101379,regular,63070.04,17,0.8676,0.1324,4276.16,26
C101380,regular,96324.91,7,0.9289,0.0711,14813.83,4
C101381,new,8766.69,4,0.6746,0.3254,3248.73,22
C101382,regular,111609.09,32,0.8595,0.1405,4057.79,22
C101383,at_risk,289525.99,27,0.641,0.359,16728.83,19
C101384,at_risk,78448.12,29,0.5609,0.4391,4822.45,22
C101385,new,15010.02,3,0.7992,0.2008,6260.34,26
C101386,regular,269003.06,33,0.9508,0.0492,8573.5,44
C101387,regular,153023.25,15,0.8874,0.1126,11495.47,20
C101388,at_risk,81386.97,30,0.5764,0.4236,4706.65,75
C101389,new,1475.33,1,0.7587,0.2413,1944.65,15
C101390,at_risk,184149.27,39,0.5765,0.4235,8189.87,67
C101391,high_value,1270807.92,62,0.9554,0.0446,21452.72,40
C101392,new,5166.07,3,0.7846,0.2154,2194.8,11
C101393,new,12952.41,5,0.7662,0.2338,3380.82,26
C101394,high_value,612696.03,23,0.995,0.005,26772.82,90
C101395,new,1687.38,2,0.7476,0.2524,1128.49,15
C101396,regular,161963.93,20,0.9726,0.0274,8326.21,92
C101397,at_risk,131516.53,28,0.5731,0.4269,8195.18,45
C101398,regular,86409.66,31,0.9133,0.0867,3052.1,40
C101399,regular,74568.92,20,0.9632,0.0368,3870.74,44
C101400,regular,225858.07,19,0.9609,0.0391,12370.83,25
C101401,new,13685.08,3,0.7611,0.2389,5993.65,15
C101402,at_risk,77435.32,25,0.645,0.355,4802.35,33
C101403,regular,124126.93,32,0.929,0.071,4175.63,41
C101404,new,4243.44,3,0.7557,0.2443,1871.74,47
C101405,regular,312722.23,30,0.9377,0.0623,11116.43,46
C101406,at_risk,327612.17,16,0.7038,0.2962,29092.65,54
C101407,new,4128.15,2,0.8012,0.1988,2576.14,115
C101408,high_value,1454452.44,55,0.9855,0.0145,26834.06,39
C101409,regular,96473.19,20,0.9402,0.0598,5130.2,73
C101410,high_value,905749.3,25,0.8943,0.1057,40514.09,48
C101411,at_risk,73331.52,17,0.6407,0.3593,6732.56,123
C101412,high_value,1950829.67,46,0.9142,0.0858,46387.24,35
C101413,at_risk,168676.99,33,0.5935,0.4065,8612.99,32
C101414,new,8019.07,3,0.8773,0.1227,3046.92,70
C101415,high_value,1920514.41,63,0.9486,0.0514,32136.04,70
C101416,regular,61594.86,10,0.8767,0.1233,7025.83,27
C101417,regular,52506.4,18,0.9619,0.0381,3032.67,47
C101418,high_value,802311.15,18,0.9174,0.0826,48588.46,54
C101419,at_risk,77614.83,21,0.5999,0.4001,6161.28,52
C101420,regular,112365.17,25,0.9662,0.0338,4651.8,44
C101421,regular,47614.39,13,0.9119,0.0881,4016.39,6
C101422,regular,129765.29,21,0.8397,0.1603,7358.69,53
C101423,regular,159839.65,25,0.9345,0.0655,6841.87,54
C101424,regular,59834.97,8,0.8922,0.1078,8383.45,45
C101425,regular,106925.59,22,0.9793,0.0207,4963.02,24
C101426,new,8108.0,3,0.7527,0.2473,3590.53,85
C101427,new,6947.76,3,0.8273,0.1727,2799.35,15
C101428,high_value,503632.45,23,0.995,0.005,22007.1,70
C101429,regular,91717.32,27,0.8717,0.1283,3896.88,15
C101430,at_risk,195285.36,30,0.6113,0.3887,10648.54,65
C101431,regular,79992.63,12,0.9275,0.0725,7187.21,16
C101432,new,9935.13,4,0.7414,0.2586,3350.04,62
C101433,new,8001.5,3,0.7922,0.2078,3366.94,97
C101434,regular,69724.75,21,0.8999,0.1001,3689.64,97
C101435,at_risk,97847.04,9,0.609,0.391,17852.86,84
C101436,regular,278979.29,26,0.9122,0.0878,11762.71,35
C101437,regular,39014.45,7,0.9132,0.0868,6103.21,21
C101438,at_risk,133197.92,9,0.6274,0.3726,23590.0,31
C101439,at_risk,34688.34,12,0.5931,0.4069,4874.26,67
C101440,regular,115391.83,24,0.885,0.115,5432.65,52
C101441,new,2027.63,1,0.7747,0.2253,2617.43,130
C101442,new,1647.3,1,0.778,0.222,2117.4,23
C101443,new,16122.69,3,0.7603,0.2397,7069.01,101
C101444,new,3540.94,5,0.7946,0.2054,891.28,33
C101445,regular,90252.51,13,0.8283,0.1717,8381.26,15
C101446,at_risk,105672.32,11,0.5871,0.4129,16361.95,43
C101447,regular,95084.42,17,0.8974,0.1026,6232.65,51
C101448,regular,54617.77,24,0.8715,0.1285,2611.37,79
C101449,regular,21390.53,6,0.9833,0.0167,3625.59,23
C101450,high_value,2767651.05,59,0.9608,0.0392,48820.73,43
C101451,regular,64051.93,6,0.918,0.082,11629.47,35
C101452,high_value,787408.66,16,0.9383,0.0617,52451.69,27
C101453,at_risk,184131.27,26,0.6193,0.3807,11435.63,95
C101454,regular,104796.8,18,0.8553,0.1447,6806.91,52
C101455,new,2364.91,1,0.7724,0.2276,3061.94,4
C101456,regular,73824.7,33,0.8678,0.1322,2577.81,43
C101457,regular,42482.83,6,0.8975,0.1025,7888.96,8
C101458,at_risk,205437.46,27,0.5048,0.4952,15072.78,40
C101459,regular,114974.13,28,0.8592,0.1408,4778.9,10
C101460,high_value,2253075.72,52,0.995,0.005,43546.11,52
C101461,regular,30453.5,8,0.9474,0.0526,4018.17,8
C101462,new,2165.95,1,0.8394,0.1606,2580.49,16
C101463,regular,67350.83,20,0.9724,0.0276,3462.95,60
C101464,regular,190673.45,18,0.9403,0.0597,11265.71,35
C101465,regular,37272.55,19,0.8896,0.1104,2205.11,10
C101466,regular,28321.9,8,0.8633,0.1367,4100.71,91
C101467,regular,180288.02,27,0.9616,0.0384,6943.96,25
C101468,high_value,1306177.8,42,0.9629,0.0371,32297.53,29
C101469,new,16399.35,4,0.8922,0.1078,4595.04,31
C101470,at_risk,109167.3,24,0.6036,0.3964,7536.21,55
C101471,new,3544.58,3,0.8688,0.1312,1359.98,27
C101472,new,3909.86,2,0.7729,0.2271,2529.2,32
C101473,regular,195296.32,13,0.9701,0.0299,15485.47,74
C101474,regular,243443.73,28,0.9864,0.0136,8814.73,68
C101475,regular,88159.18,25,0.864,0.136,4081.6,30
C101476,regular,281148.4,21,0.8882,0.1118,15073.63,31
C101477,at_risk,60943.41,15,0.5735,0.4265,7084.19,2
C101478,regular,36909.96,14,0.8547,0.1453,3084.79,40
C101479,regular,169683.45,24,0.94,0.06,7521.29,62
C101480,regular,260437.42,34,0.9012,0.0988,8500.15,26
C101481,new,5123.98,2,0.7824,0.2176,3274.71,82
C101482,regular,119791.01,32,0.935,0.065,4003.58,7
C101483,regular,252284.95,32,0.8264,0.1736,9539.86,17
C101484,regular,56908.65,12,0.9679,0.0321,4899.64,78
C101485,new,21451.58,4,0.7643,0.2357,7016.82,60
C101486,at_risk,236609.29,25,0.644,0.356,14697.19,7
C101487,regular,196585.06,22,0.9379,0.0621,9527.01,8
C101488,high_value,1502481.27,34,0.995,0.005,44412.69,52
C101489,regular,36369.43,17,0.9053,0.0947,2363.22,45
C101490,new,8918.57,3,0.6844,0.3156,4343.51,28
C101491,high_value,1094969.29,62,0.9626,0.0374,18347.53,80
C101492,regular,244194.49,34,0.919,0.081,7814.95,20
C101493,high_value,1864322.32,61,0.9135,0.0865,33458.19,4
C101494,regular,156742.98,33,0.9166,0.0834,5181.75,55
C101495,regular,338932.83,31,0.8938,0.1062,12233.02,63
C101496,high_value,1018801.68,32,0.8996,0.1004,35391.73,21
C101497,regular,59653.52,10,0.9402,0.0598,6344.66,13
C101498,regular,171459.23,15,0.8846,0.1154,12921.32,4
C101499,regular,199232.94,26,0.8917,0.1083,8593.35,34
C101500,regular,145482.86,27,0.8892,0.1108,6059.77,44
C101501,at_risk,90473.5,9,0.6756,0.3244,14879.61,66
C101502,regular,145659.68,16,0.9082,0.0918,10024.38,46
C101503,regular,82710.96,9,0.9136,0.0864,10059.67,23
C101504,high_value,203633.31,15,0.9402,0.0598,14439.45,40
C101505,regular,70590.64,9,0.9308,0.0692,8426.26,69
C101506,high_value,852564.3,22,0.995,0.005,38947.66,43
C101507,regular,43256.01,25,0.9392,0.0608,1842.34,62
C101508,regular,67689.02,19,0.9409,0.0591,3786.32,13
C101509,high_value,298055.03,20,0.9873,0.0127,15094.75,53
C101510,new,4656.9,4,0.7179,0.2821,1621.73,46
C101511,new,3776.21,2,0.7406,0.2594,2549.51,27
C101512,regular,250709.15,20,0.9008,0.0992,13916.29,69
C101513,high_value,1517029.81,69,0.9273,0.0727,23708.71,114
C101514,high_value,1314489.03,47,0.9121,0.0879,30663.28,6
C101515,regular,78012.35,29,0.8258,0.1742,3257.73,28
C101516,new,13436.56,3,0.7194,0.2806,6225.77,32
C101517,at_risk,282831.76,21,0.6085,0.3915,22135.0,34
C101518,new,6229.04,5,0.7769,0.2231,1603.61,21
C101519,new,4950.54,2,0.7443,0.2557,3325.58,8
C101520,regular,57887.41,6,0.9136,0.0864,10560.87,29
C101521,regular,230486.1,27,0.8905,0.1095,9586.45,33
C101522,high_value,1038490.55,52,0.995,0.005,20071.33,27
C101523,high_value,807555.61,27,0.9527,0.0473,31393.54,33
C101524,regular,53363.74,13,0.9413,0.0587,4360.73,40
C101525,new,5491.36,2,0.7891,0.2109,3479.31,30
C101526,regular,60628.66,33,0.8469,0.1531,2169.34,21
C101527,regular,142110.36,33,0.9059,0.0941,4753.59,33
C101528,new,1973.06,1,0.7244,0.2756,2723.73,42
C101529,regular,368990.56,20,0.9051,0.0949,20383.19,35
C101530,regular,53154.14,15,0.8765,0.1235,4043.05,119
C101531,new,64368.97,4,0.7972,0.2028,20186.25,45
C101532,regular,42814.24,12,0.8496,0.1504,4199.48,34
C101533,regular,37616.52,11,0.9107,0.0893,3755.16,18
C101534,new,2156.56,1,0.8058,0.1942,2676.44,19
C101535,regular,409889.08,34,0.9508,0.0492,12678.83,27
C101536,high_value,1757026.09,61,0.9256,0.0744,31118.54,28
C101537,high_value,991373.41,54,0.9608,0.0392,19107.82,27
C101538,high_value,2223211.11,56,0.9683,0.0317,41000.46,46
C101539,regular,61283.09,11,0.9796,0.0204,5687.09,68
C101540,high_value,704158.09,40,0.8933,0.1067,19705.77,55
C101541,regular,72061.06,18,0.869,0.131,4606.89,51
C101542,regular,267371.57,19,0.995,0.005,14142.9,17
C101543,new,7198.81,2,0.7677,0.2323,4688.49,75
C101544,regular,184364.18,25,0.8249,0.1751,8939.9,18
C101545,regular,103943.63,30,0.8838,0.1162,3920.4,42
C101546,regular,57300.67,22,0.7854,0.2146,3316.24,49
C101547,high_value,5433197.37,53,0.9708,0.0292,105592.07,76
C101548,regular,314060.35,27,0.9464,0.0536,12290.12,106
C101549,regular,125416.15,22,0.869,0.131,6560.3,26
C101550,new,6455.73,4,0.7588,0.2412,2126.9,39
C101551,regular,47491.03,18,0.9516,0.0484,2772.69,72
C101552,regular,20263.83,10,0.8312,0.1688,2437.78,111
C101553,regular,35909.11,12,0.8505,0.1495,3518.31,28
C101554,regular,53239.59,18,0.8997,0.1003,3287.36,17
C101555,high_value,1151072.18,44,0.9261,0.0739,28246.91,10
C101556,at_risk,55228.93,10,0.6068,0.3932,9102.03,7
C101557,regular,12597.87,7,0.8531,0.1469,2109.52,20
C101558,regular,48977.21,15,0.9196,0.0804,3550.45,62
C101559,high_value,540590.83,36,0.9533,0.0467,15752.29,65
C101560,at_risk,33680.13,7,0.6447,0.3553,7462.92,45
C101561,regular,68463.26,19,0.919,0.081,3920.85,27
C101562,high_value,795345.79,47,0.9693,0.0307,17458.2,46
C101563,at_risk,8972.67,10,0.5549,0.4451,1616.94,36
C101564,high_value,1772432.59,32,0.9822,0.0178,56394.22,28
C101565,regular,85709.09,19,0.8951,0.1049,5039.6,43
C101566,new,3810.19,1,0.7725,0.2275,4932.27,26
C101567,new,25494.69,5,0.8272,0.1728,6164.3,43
C101568,regular,419751.6,29,0.8776,0.1224,16492.45,48
C101569,regular,185261.34,34,0.9708,0.0292,5612.74,56
C101570,regular,156046.88,27,0.975,0.025,5927.7,8
C101571,regular,64947.09,8,0.9439,0.0561,8601.12,75
C101572,regular,83971.08,17,0.8659,0.1341,5704.62,33
C101573,high_value,1382863.94,67,0.8616,0.1384,23954.69,106
C101574,new,5936.49,3,0.8285,0.1715,2388.31,63
C101575,regular,200117.65,27,0.915,0.085,8100.18,18
C101576,high_value,708913.51,54,0.9265,0.0735,14170.0,51
C101577,high_value,2625587.7,55,0.995,0.005,47977.85,72
C101578,at_risk,13052.17,8,0.5812,0.4188,2807.02,29
C101579,high_value,1212829.34,54,0.9409,0.0591,23870.22,17
C101580,high_value,1648505.16,39,0.9836,0.0164,42973.26,14
C101581,regular,150006.9,23,0.8599,0.1401,7584.76,10
C101582,regular,119572.82,19,0.9051,0.0949,6953.37,4
C101583,regular,513822.42,18,0.959,0.041,29765.75,33
C101584,regular,167705.5,17,0.9195,0.0805,10728.69,15
C101585,at_risk,87912.03,21,0.6761,0.3239,6191.5,21
C101586,regular,75802.35,22,0.961,0.039,3585.35,108
C101587,regular,79789.47,11,0.9103,0.0897,7967.93,48
C101588,regular,71077.15,21,0.8048,0.1952,4205.31,17
C101589,new,4933.12,2,0.7302,0.2698,3377.74,140
C101590,new,4778.27,3,0.8144,0.1856,1955.86,43
C101591,new,4725.82,4,0.7102,0.2898,1663.46,132
C101592,at_risk,56813.51,24,0.6053,0.3947,3910.84,92
C101593,regular,84556.86,11,0.9252,0.0748,8308.18,44
C101594,high_value,3345725.28,67,0.995,0.005,50187.13,33
C101595,regular,67435.2,25,0.8841,0.1159,3050.94,62
C101596,new,15471.51,3,0.751,0.249,6866.67,41
C101597,new,9493.51,5,0.7776,0.2224,2441.62,25
C101598,high_value,885136.7,26,0.9758,0.0242,34888.33,24
C101599,regular,98942.93,31,0.9031,0.0969,3534.33,69
C101600,at_risk,235587.67,26,0.6672,0.3328,13580.38,17
C101601,new,2712.01,5,0.744,0.256,729.0,68
C101602,regular,143781.87,20,0.9154,0.0846,7853.44,37
C101603,high_value,5051398.5,46,0.98,0.02,112050.14,8
C101604,regular,170618.94,17,0.892,0.108,11251.71,72
C101605,regular,268040.63,33,0.9478,0.0522,8569.9,18
C101606,at_risk,42793.14,20,0.6267,0.3733,3414.15,20
C101607,regular,245770.73,25,0.9455,0.0545,10397.51,30
C101608,regular,132028.29,18,0.9187,0.0813,7983.7,34
C101609,regular,39748.26,6,0.9269,0.0731,7146.87,44
C101610,regular,26061.21,6,0.8815,0.1185,4927.2,69
C101611,high_value,194829.62,18,0.9316,0.0684,11618.39,68
C101612,high_value,590104.42,31,0.995,0.005,19131.28,23
C101613,regular,114490.49,12,0.9386,0.0614,10165.03,24
C101614,high_value,1095652.1,46,0.914,0.086,26060.61,64
C101615,regular,125836.79,12,0.9181,0.0819,11421.37,15
C101616,new,14844.79,2,0.6732,0.3268,11025.87,37
C101617,regular,144327.09,26,0.8842,0.1158,6278.23,87
C101618,at_risk,42135.05,11,0.6632,0.3368,5775.32,26
C101619,new,6436.52,4,0.7744,0.2256,2077.99,10
C101620,regular,111578.5,20,0.9153,0.0847,6095.15,18
C101621,regular,410588.72,34,0.7743,0.2257,15596.95,19
C101622,high_value,4019990.69,41,0.9423,0.0577,104047.01,16
C101623,new,4742.83,2,0.7952,0.2048,2982.08,29
C101624,regular,125653.75,21,0.9309,0.0691,6427.4,131
C101625,high_value,5296179.23,66,0.995,0.005,80648.38,50
C101626,regular,195273.83,32,0.9005,0.0995,6776.29,32
C101627,new,39280.4,5,0.7725,0.2275,10169.08,34
C101628,new,4596.75,2,0.7201,0.2799,3191.95,21
C101629,regular,168122.52,22,0.9008,0.0992,8483.53,34
C101630,regular,84088.54,16,0.8532,0.1468,6159.58,85
C101631,high_value,2565103.97,48,0.8768,0.1232,60945.34,37
C101632,regular,92688.52,26,0.8612,0.1388,4139.67,67
C101633,regular,148675.34,19,0.9779,0.0221,8001.93,61
C101634,at_risk,18005.79,5,0.6078,0.3922,5924.67,127
C101635,regular,76091.76,13,0.9199,0.0801,6362.92,61
C101636,regular,301704.24,19,0.8869,0.1131,17904.28,121
C101637,at_risk,273846.91,29,0.5394,0.4606,17505.67,71
C101638,regular,238713.92,25,0.9521,0.0479,10028.68,44
C101639,high_value,618401.77,37,0.8623,0.1377,19383.64,19
C101640,high_value,734344.6,38,0.935,0.065,20667.54,67
C101641,new,4894.56,2,0.7775,0.2225,3147.45,71
C101642,regular,68985.64,16,0.9204,0.0796,4684.63,72
C101643,regular,221403.24,26,0.8773,0.1227,9706.4,2
C101644,new,4393.8,4,0.6973,0.3027,1575.31,25
C101645,regular,228779.28,34,0.874,0.126,7699.29,50
C101646,regular,198971.17,17,0.8763,0.1237,13356.28,27
C101647,high_value,844679.01,48,0.9252,0.0748,19019.97,24
C101648,at_risk,139442.4,39,0.6637,0.3363,5387.53,21
C101649,high_value,1023889.38,58,0.9054,0.0946,19498.01,9
C101650,regular,62983.51,14,0.9235,0.0765,4871.26,48
C101651,regular,112423.63,17,0.9171,0.0829,7210.76,22
C101652,regular,176018.48,30,0.9532,0.0468,6155.22,26
C101653,new,3744.33,4,0.774,0.226,1209.4,32
C101654,at_risk,98530.26,14,0.6556,0.3444,10735.0,53
C101655,regular,66619.52,11,0.9023,0.0977,6712.46,43
C101656,regular,126247.73,34,0.9295,0.0705,3994.6,42
C101657,high_value,1825310.21,30,0.8924,0.1076,68182.29,4
C101658,regular,127080.25,18,0.7913,0.2087,8922.3,68
C101659,new,2503.52,1,0.797,0.203,3141.22,102
C101660,new,10626.09,3,0.7994,0.2006,4430.84,41
C101661,regular,228562.77,30,0.9314,0.0686,8179.92,15
C101662,high_value,1154632.13,47,0.9364,0.0636,26235.82,24
C101663,regular,360556.77,28,0.977,0.023,13179.67,15
C101664,at_risk,65337.97,12,0.5993,0.4007,9085.23,94
C101665,high_value,1270580.81,46,0.9789,0.0211,28215.55,26
C101666,high_value,679821.66,15,0.9868,0.0132,45929.61,42
C101667,regular,178708.32,28,0.9873,0.0127,6464.26,31
C101668,new,6537.67,2,0.7657,0.2343,4268.89,52
C101669,high_value,726853.77,65,0.9306,0.0694,12016.22,18
C101670,regular,139734.44,32,0.8426,0.1574,5182.51,41
C101671,regular,108143.63,11,0.9799,0.0201,10033.35,26
C101672,high_value,1390659.05,46,0.979,0.021,30881.35,74
C101673,new,8195.45,4,0.8004,0.1996,2559.84,4
C101674,high_value,457194.96,28,0.995,0.005,16410.44,28
C101675,at_risk,136990.48,15,0.6346,0.3654,14390.66,70
C101676,high_value,1126959.25,49,0.9014,0.0986,25515.07,64
C101677,regular,87046.16,23,0.9012,0.0988,4199.6,9
C101678,high_value,1035166.9,52,0.9161,0.0839,21729.4,60
C101679,regular,84259.77,8,0.8922,0.1078,11805.24,17
C101680,high_value,1293130.78,65,0.9419,0.0581,21121.85,21
C101681,high_value,507314.77,16,0.9336,0.0664,33962.85,67
C101682,high_value,1124867.12,37,0.8973,0.1027,33881.35,28
C101683,regular,162051.63,14,0.9817,0.0183,11791.34,9
C101684,new,8441.63,3,0.7934,0.2066,3546.39,13
C101685,regular,81752.2,7,0.8999,0.1001,12978.65,37
C101686,regular,188724.97,25,0.9441,0.0559,7996.03,27
C101687,regular,106531.43,23,0.9312,0.0688,4974.02,27
C101688,regular,171901.66,27,0.9224,0.0776,6902.31,51
C101689,regular,82908.46,11,0.9408,0.0592,8011.2,45
C101690,high_value,616332.42,24,0.966,0.034,26583.64,29
C101691,at_risk,108467.56,12,0.6502,0.3498,13902.68,65
C101692,regular,67628.46,15,0.9439,0.0561,4776.58,51
C101693,high_value,1636788.99,46,0.9673,0.0327,36784.4,43
C101694,regular,304485.31,25,0.9001,0.0999,13531.44,24
C101695,regular,253860.71,29,0.9789,0.0211,8942.8,72
C101696,new,4021.26,5,0.7585,0.2415,1060.33,26
C101697,high_value,763935.71,42,0.9776,0.0224,18605.54,28
C101698,at_risk,59989.87,12,0.6386,0.3614,7827.99,96
C101699,high_value,1668750.63,41,0.9326,0.0674,43644.17,18
C101700,at_risk,34104.7,22,0.5836,0.4164,2656.08,17
C101701,at_risk,133018.96,32,0.6041,0.3959,6881.32,29
C101702,regular,109520.81,31,0.8879,0.1121,3979.2,14
C101703,regular,123677.39,8,0.8444,0.1556,18308.82,15
C101704,regular,102670.19,17,0.8807,0.1193,6857.66,94
C101705,at_risk,144729.82,29,0.632,0.368,7896.9,29
C101706,new,19753.67,5,0.837,0.163,4720.3,44
C101707,regular,19976.17,6,0.9349,0.0651,3561.01,10
C101708,high_value,1557957.51,69,0.843,0.157,26783.55,16
C101709,regular,112097.38,29,0.9389,0.0611,4117.16,103
C101710,high_value,945806.83,44,0.9349,0.0651,22992.83,15
C101711,regular,123365.91,9,0.9304,0.0696,14732.9,45
C101712,at_risk,226755.29,38,0.6194,0.3806,9634.47,1
C101713,high_value,682049.8,37,0.9513,0.0487,19376.87,10
C101714,regular,465662.25,29,0.9054,0.0946,17735.07,28
C101715,high_value,453468.97,18,0.959,0.041,26270.03,64
C101716,regular,109909.61,10,0.9705,0.0295,11325.07,35
C101717,regular,73251.45,6,0.9091,0.0909,13429.07,30
C101718,regular,377249.34,31,0.9588,0.0412,12691.6,54
C101719,high_value,2505475.49,30,0.995,0.005,83935.53,41
C101720,new,12594.64,4,0.81,0.19,3887.15,7
C101721,regular,131850.51,18,0.8296,0.1704,8829.57,34
C101722,regular,134637.19,18,0.9602,0.0398,7789.49,24
C101723,regular,186711.81,24,0.8894,0.1106,8747.14,30
C101724,regular,119346.44,13,0.9422,0.0578,9743.6,24
C101725,new,37178.56,4,0.7362,0.2638,12624.54,34
C101726,regular,96285.65,26,0.8567,0.1433,4322.89,46
C101727,high_value,1845019.91,64,0.995,0.005,28973.3,11
C101728,new,12959.23,5,0.7369,0.2631,3517.06,20
C101729,regular,168269.74,18,0.9616,0.0384,9721.88,53
C101730,at_risk,52655.28,17,0.6253,0.3747,4953.18,58
C101731,new,1443.44,1,0.7611,0.2389,1896.53,86
C101732,high_value,597295.24,39,0.958,0.042,15986.99,36
C101733,regular,160481.26,13,0.8515,0.1485,14498.45,19
C101734,high_value,3100963.66,65,0.9594,0.0406,49726.99,20
C101735,high_value,927894.15,44,0.9113,0.0887,23141.71,35
C101736,high_value,1486820.09,45,0.9422,0.0578,35067.15,16
C101737,regular,93872.8,17,0.9516,0.0484,5802.55,82
C101738,regular,30248.79,6,0.9214,0.0786,5471.3,24
C101739,high_value,729850.73,38,0.8933,0.1067,21500.67,74
C101740,regular,112156.31,14,0.9483,0.0517,8447.77,14
C101741,regular,95137.47,23,0.9097,0.0903,4547.1,30
C101742,new,10235.34,4,0.7556,0.2444,3386.49,26
C101743,at_risk,241485.79,22,0.6536,0.3464,16794.09,10
C101744,regular,25589.01,9,0.9025,0.0975,3150.47,28
C101745,regular,94310.34,9,0.8575,0.1425,12219.68,41
C101746,high_value,2716970.23,45,0.995,0.005,60680.52,4
C101747,regular,115294.4,25,0.9092,0.0908,5072.22,49
C101748,regular,107122.96,18,0.9063,0.0937,6566.29,43
C101749,regular,37296.94,9,0.8918,0.1082,4647.05,34
C101750,regular,341126.9,27,0.9631,0.0369,13118.42,56
C101751,regular,257918.74,28,0.8864,0.1136,10392.13,59
C101752,high_value,347460.87,18,0.8905,0.1095,21677.6,160
C101753,high_value,1082727.92,18,0.9295,0.0705,64716.7,9
C101754,regular,38649.82,7,0.9697,0.0303,5693.9,90
C101755,regular,35402.01,11,0.9474,0.0526,3396.88,66
C101756,new,8694.62,4,0.7685,0.2315,2828.35,43
C101757,at_risk,99051.69,18,0.6818,0.3182,8071.14,15
C101758,at_risk,17248.17,6,0.6537,0.3463,4397.86,25
C101759,at_risk,65000.21,18,0.608,0.392,5939.31,22
C101760,regular,77558.36,16,0.9025,0.0975,5370.87,31
C101761,new,3690.21,1,0.7948,0.2052,4642.83,55
C101762,regular,209537.98,27,0.8726,0.1274,8894.08,79
C101763,new,13894.31,5,0.7802,0.2198,3561.72,106
C101764,new,4900.18,4,0.7939,0.2061,1543.11,25
C101765,new,1702.03,2,0.7041,0.2959,1208.68,38
C101766,at_risk,239889.77,14,0.6115,0.3885,28022.12,17
C101767,new,9546.41,3,0.7664,0.2336,4152.26,68
C101768,new,21318.12,3,0.8263,0.1737,8600.22,45
C101769,high_value,605724.43,41,0.877,0.123,16845.85,29
C101770,regular,51502.83,8,0.8928,0.1072,7210.6,9
C101771,high_value,1126176.27,47,0.9383,0.0617,25536.25,39
C101772,regular,190790.27,29,0.9532,0.0468,6901.96,42
C101773,high_value,2793337.03,45,0.958,0.042,64792.84,6
C101774,regular,108534.55,15,0.9908,0.0092,7302.64,12
C101775,regular,83452.37,9,0.9398,0.0602,9866.45,38
C101776,regular,175556.65,31,0.8915,0.1085,6352.06,100
C101777,regular,61327.11,8,0.9208,0.0792,8325.39,73
C101778,regular,30394.04,9,0.8941,0.1059,3777.25,30
C101779,regular,829013.44,33,0.9487,0.0513,26480.8,26
C101780,new,13267.85,5,0.7201,0.2799,3685.25,20
C101781,high_value,1154106.2,38,0.9229,0.0771,32907.26,18
C101782,regular,108654.73,21,0.9305,0.0695,5560.45,28
C101783,new,24796.71,5,0.8352,0.1648,5938.2,120
C101784,regular,112013.66,19,0.8109,0.1891,7270.16,26
C101785,high_value,3227549.02,31,0.995,0.005,104637.67,34
C101786,regular,200531.13,25,0.9037,0.0963,8876.06,12
C101787,regular,102701.1,24,0.8252,0.1748,5185.51,50
C101788,high_value,1131156.57,53,0.8249,0.1751,25872.23,34
C101789,new,24039.39,5,0.7112,0.2888,6760.45,25
C101790,high_value,1590853.39,48,0.9591,0.0409,34555.65,15
C101791,regular,136186.51,23,0.907,0.093,6528.03,19
C101792,regular,36514.31,6,0.9385,0.0615,6484.56,24
C101793,regular,76574.53,22,0.8853,0.1147,3931.74,25
C101794,at_risk,147515.47,21,0.5701,0.4299,12320.78,15
C101795,regular,103248.03,14,0.8914,0.1086,8273.24,31
C101796,regular,69364.55,29,0.9115,0.0885,2624.08,39
C101797,regular,313738.75,20,0.9204,0.0796,17043.89,57
C101798,regular,79126.16,9,0.8745,0.1255,10053.65,97
C101799,regular,272219.32,31,0.9506,0.0494,9237.95,6
C101800,regular,30882.36,14,0.882,0.118,2500.9,44
C101801,regular,47588.44,13,0.8709,0.1291,4203.47,27
C101802,new,12581.39,4,0.7556,0.2444,4162.76,4
C101803,regular,441388.71,33,0.9584,0.0416,13956.45,21
C101804,regular,1613708.56,28,0.904,0.096,63751.0,53
C101805,regular,330571.19,30,0.8787,0.1213,12539.49,48
C101806,new,1693.73,1,0.8217,0.1783,2061.31,37
C101807,regular,285997.86,25,0.995,0.005,11497.4,19
C101808,regular,255259.01,32,0.9194,0.0806,8675.8,81
C101809,new,16600.85,5,0.8355,0.1645,3973.76,13
C101810,regular,35112.53,9,0.9566,0.0434,4078.29,25
C101811,regular,228132.04,23,0.8827,0.1173,11236.28,29
C101812,high_value,1397819.12,17,0.9612,0.0388,85543.88,32
C101813,regular,42324.32,14,0.8523,0.1477,3547.13,134
C101814,high_value,483778.01,39,0.9508,0.0492,13046.76,92
C101815,regular,50070.3,17,0.8818,0.1182,3340.03,47
C101816,high_value,619883.17,54,0.9419,0.0581,12187.79,34
C101817,regular,33925.58,12,0.8763,0.1237,3226.38,34
C101818,regular,109698.47,11,0.8971,0.1029,11116.71,55
C101819,regular,105875.55,18,0.934,0.066,6297.95,71
C101820,at_risk,97200.61,10,0.6146,0.3854,15814.67,13
C101821,regular,181630.51,32,0.8261,0.1739,6870.76,97
C101822,regular,135568.79,24,0.8764,0.1236,6445.16,45
C101823,regular,47126.17,16,0.8416,0.1584,3499.63,22
C101824,high_value,1090797.41,58,0.971,0.029,19368.88,31
C101825,new,6156.59,1,0.8026,0.1974,7670.34,47
C101826,regular,74557.3,18,0.9215,0.0785,4494.71,49
C101827,regular,84865.16,21,0.8746,0.1254,4620.8,15
C101828,at_risk,76963.39,30,0.6311,0.3689,4064.98,33
C101829,regular,34675.02,13,0.8888,0.1112,3000.87,39
C101830,regular,88833.73,21,0.8588,0.1412,4925.8,72
C101831,at_risk,113576.53,34,0.6534,0.3466,5112.57,77
C101832,regular,88280.98,26,0.9468,0.0532,3586.17,12
C101833,new,4063.43,1,0.8227,0.1773,4939.14,35
C101834,regular,102474.86,13,0.8826,0.1174,8930.96,21
C101835,new,4742.13,1,0.8331,0.1669,5692.35,46
C101836,new,9817.78,5,0.7578,0.2422,2591.17,130
C101837,regular,193228.39,22,0.9394,0.0606,9349.63,66
C101838,high_value,1319076.67,30,0.937,0.063,46925.08,49
C101839,high_value,764169.66,65,0.9499,0.0501,12376.25,59
C101840,new,6177.6,3,0.671,0.329,3068.64,88
C101841,regular,74369.37,26,0.8964,0.1036,3190.89,62
C101842,new,5081.05,2,0.7841,0.2159,3240.05,14
C101843,at_risk,117431.35,38,0.6015,0.3985,5137.25,102
C101844,new,2907.93,1,0.859,0.141,3385.13,38
C101845,regular,99450.84,21,0.8577,0.1423,5521.53,45
C101846,regular,223434.13,14,0.8846,0.1154,18040.79,77
C101847,regular,72481.83,22,0.8693,0.1307,3790.06,126
C101848,regular,210853.39,29,0.8846,0.1154,8219.04,25
C101849,high_value,2072653.25,50,0.995,0.005,41661.37,74
C101850,regular,80719.25,12,0.9765,0.0235,6888.4,24
C101851,at_risk,37150.18,7,0.5885,0.4115,9018.68,43
C101852,regular,228883.74,22,0.8775,0.1225,11856.67,10
C101853,high_value,1419214.52,39,0.9079,0.0921,40080.34,24
C101854,high_value,4428958.64,49,0.995,0.005,90841.12,41
C101855,at_risk,43109.85,9,0.6704,0.3296,7144.48,51
C101856,regular,173056.73,25,0.9052,0.0948,7646.97,49
C101857,regular,65156.53,15,0.8472,0.1528,5127.35,68
C101858,regular,97575.64,17,0.8512,0.1488,6743.12,27
C101859,regular,193375.62,31,0.9177,0.0823,6797.51,33
C101860,regular,92429.9,16,0.9347,0.0653,6180.32,34
C101861,at_risk,116553.01,38,0.527,0.473,5819.82,28
C101862,at_risk,129998.63,34,0.6055,0.3945,6314.17,18
C101863,regular,71126.44,23,0.9828,0.0172,3146.5,38
C101864,regular,115927.05,10,0.9002,0.0998,12877.75,61
C101865,high_value,3288990.42,62,0.995,0.005,53314.81,45
C101866,at_risk,77493.26,25,0.6492,0.3508,4774.64,26
C101867,regular,322033.85,32,0.8612,0.1388,11685.41,38
C101868,regular,75497.78,23,0.8968,0.1032,3660.13,25
C101869,high_value,944248.22,27,0.9542,0.0458,36650.42,52
C101870,regular,133760.28,28,0.8671,0.1329,5509.11,62
C101871,regular,114438.76,23,0.8664,0.1336,5743.13,63
C101872,at_risk,78326.36,16,0.6878,0.3122,7117.43,31
C101873,at_risk,218527.28,23,0.576,0.424,16494.58,25
C101874,at_risk,46003.64,23,0.6685,0.3315,2991.88,68
C101875,high_value,1370211.38,23,0.9404,0.0596,63352.89,29
C101876,regular,50035.17,16,0.9088,0.0912,3440.84,38
C101877,regular,32661.87,15,0.9353,0.0647,2328.13,44
C101878,regular,103204.88,26,0.8831,0.1169,4495.05,36
C101879,regular,149959.26,30,0.9356,0.0644,5342.97,57
C101880,regular,21657.38,9,0.8179,0.1821,2942.1,11
C101881,regular,199844.07,30,0.9298,0.0702,7164.51,49
C101882,regular,295323.46,30,0.7989,0.2011,12321.84,20
C101883,high_value,1494644.73,39,0.9498,0.0502,40350.13,27
C101884,regular,88168.95,9,0.9484,0.0516,10329.11,40
C101885,regular,51179.95,9,0.938,0.062,6062.52,9
C101886,new,16187.26,3,0.7216,0.2784,7477.78,32
C101887,new,2214.59,4,0.7274,0.2726,761.17,28
C101888,high_value,411151.51,19,0.929,0.071,23293.14,33
C101889,regular,56403.32,26,0.9184,0.0816,2362.16,27
C101890,regular,236614.19,30,0.8186,0.1814,9635.35,38
C101891,high_value,920177.63,60,0.9594,0.0406,15985.21,24
C101892,regular,110664.54,17,0.924,0.076,7045.0,35
C101893,new,13696.3,5,0.7673,0.2327,3570.17,40
C101894,regular,183935.32,24,0.9336,0.0664,8208.71,69
C101895,new,7877.94,3,0.7901,0.2099,3323.74,79
C101896,regular,567680.18,34,0.8856,0.1144,18852.75,12
C101897,regular,50970.69,15,0.8229,0.1771,4129.5,73
C101898,new,4512.21,4,0.786,0.214,1435.18,17
C101899,new,19962.06,5,0.7371,0.2629,5416.29,35
C101900,regular,14185.68,12,0.884,0.116,1337.3,9
C101901,new,8758.99,5,0.8016,0.1984,2185.49,5
C101902,high_value,1484066.84,68,0.995,0.005,21934.18,125
C101903,new,4319.67,2,0.7783,0.2217,2775.11,36
C101904,regular,115755.73,34,0.9349,0.0651,3641.52,30
C101905,regular,100460.42,14,0.845,0.155,8492.02,44
C101906,regular,115446.58,19,0.921,0.079,6596.98,31
C101907,new,45240.18,5,0.7773,0.2227,11640.28,62
C101908,high_value,1401565.66,48,0.995,0.005,29346.01,42
C101909,high_value,2101660.01,68,0.9357,0.0643,33031.36,55
C101910,new,15570.19,3,0.7691,0.2309,6748.0,20
C101911,new,21040.48,5,0.8276,0.1724,5084.41,10
C101912,at_risk,209825.37,34,0.6159,0.3841,10020.7,66
C101913,regular,51566.38,18,0.8601,0.1399,3330.77,45
C101914,new,4011.4,1,0.8948,0.1052,4482.89,14
C101915,regular,53858.34,21,0.8615,0.1385,2977.12,14
C101916,regular,63067.23,13,0.9071,0.0929,5348.24,39
C101917,high_value,162797.96,18,0.9756,0.0244,9270.52,52
C101918,regular,75502.24,25,0.922,0.078,3275.43,17
C101919,at_risk,275914.98,23,0.6115,0.3885,19619.06,90
C101920,regular,202909.06,26,0.9017,0.0983,8655.12,57
C101921,regular,51285.93,11,0.8994,0.1006,5183.69,69
C101922,regular,75207.51,19,0.8598,0.1402,4603.82,38
C101923,regular,29833.97,7,0.995,0.005,4283.41,36
C101924,regular,81140.11,12,0.9001,0.0999,7512.13,13
C101925,new,2537.34,1,0.8069,0.1931,3144.71,20
C101926,regular,202471.65,34,0.8949,0.1051,6654.13,33
C101927,regular,129878.75,20,0.894,0.106,7263.62,46
C101928,new,48750.13,5,0.7595,0.2405,12837.34,40
C101929,regular,144731.41,24,0.8403,0.1597,7176.94,6
C101930,regular,174826.95,31,0.9028,0.0972,6246.96,17
C101931,regular,85373.36,26,0.8917,0.1083,3682.46,42
C101932,high_value,1296270.99,49,0.995,0.005,26587.45,47
C101933,high_value,1076991.64,39,0.9061,0.0939,30475.33,26
C101934,regular,107665.75,28,0.884,0.116,4349.64,54
C101935,new,17440.24,4,0.7396,0.2604,5895.4,53
C101936,regular,132611.18,26,0.9749,0.0251,5231.67,120
C101937,regular,352530.4,20,0.8709,0.1291,20239.97,36
C101938,regular,69485.06,24,0.9353,0.0647,3095.48,26
C101939,new,1771.02,1,0.8237,0.1763,2150.19,17
C101940,regular,65291.36,14,0.9034,0.0966,5162.21,11
C101941,regular,180370.47,31,0.848,0.152,6860.97,52
C101942,regular,51352.44,11,0.8486,0.1514,5501.22,48
C101943,new,5766.61,5,0.8187,0.1813,1408.74,13
C101944,high_value,1098620.09,30,0.9033,0.0967,40542.18,52
C101945,at_risk,22642.49,5,0.6376,0.3624,7101.95,39
C101946,regular,332886.19,31,0.9151,0.0849,11733.94,29
C101947,at_risk,104787.74,29,0.637,0.363,5672.74,6
C101948,new,4053.54,1,0.8012,0.1988,5059.2,48
C101949,at_risk,269810.6,32,0.578,0.422,14587.89,98
C101950,at_risk,36462.18,15,0.5761,0.4239,4219.42,19
C101951,new,10964.9,4,0.8122,0.1878,3375.18,39
C101952,high_value,2188359.28,32,0.9317,0.0683,73401.02,50
C101953,at_risk,35206.39,9,0.4962,0.5038,7882.87,3
C101954,at_risk,23777.59,9,0.6492,0.3508,4069.59,17
C101955,at_risk,46247.59,34,0.5734,0.4266,2372.34,10
C101956,regular,158323.78,31,0.931,0.069,5485.61,98
C101957,new,2330.14,2,0.8427,0.1573,1382.58,3
C101958,high_value,1404532.66,44,0.9608,0.0392,33225.14,29
C101959,regular,54551.54,10,0.9548,0.0452,5713.34,43
C101960,regular,242550.59,26,0.9169,0.0831,10174.13,19
C101961,regular,587169.73,34,0.9814,0.0186,17596.39,4
C101962,regular,267389.59,22,0.8622,0.1378,14096.5,29
C101963,new,3605.31,1,0.7796,0.2204,4624.39,19
C101964,high_value,900730.09,50,0.9903,0.0097,18191.2,46
C101965,new,11334.21,5,0.7714,0.2286,2938.49,57
C101966,high_value,263563.68,24,0.995,0.005,11037.01,13
C101967,high_value,1976282.22,48,0.9406,0.0594,43774.59,21
C101968,regular,89988.35,15,0.995,0.005,6029.37,21
C101969,regular,195106.2,31,0.995,0.005,6325.38,57
C101970,regular,123072.25,20,0.9227,0.0773,6669.19,36
C101971,at_risk,93473.03,20,0.6449,0.3551,7247.47,13
C101972,high_value,1203000.42,65,0.995,0.005,18600.7,69
C101973,regular,54329.34,9,0.8566,0.1434,7047.35,19
C101974,new,17813.59,5,0.721,0.279,4941.63,23
C101975,regular,51247.98,13,0.9665,0.0335,4078.63,16
C101976,regular,250874.25,25,0.9223,0.0777,10880.03,38
C101977,at_risk,49358.83,23,0.6098,0.3902,3519.2,26
C101978,high_value,696248.89,15,0.9605,0.0395,48325.42,82
C101979,regular,111053.54,19,0.8026,0.1974,7282.23,37
C101980,high_value,3878169.15,63,0.9514,0.0486,64701.12,17
C101981,regular,66671.5,12,0.8761,0.1239,6341.6,34
C101982,high_value,612865.03,48,0.995,0.005,12832.18,90
C101983,regular,89450.91,29,0.9548,0.0452,3230.61,12
C101984,regular,56661.31,9,0.936,0.064,6726.53,48
C101985,at_risk,192424.62,38,0.6378,0.3622,7939.54,6
C101986,regular,23201.16,12,0.8426,0.1574,2294.55,79
C101987,regular,83999.64,19,0.9366,0.0634,4720.41,24
C101988,at_risk,74945.0,7,0.6483,0.3517,16514.04,16
C101989,new,3899.34,1,0.836,0.164,4664.1,86
C101990,new,2063.13,1,0.8753,0.1247,2357.0,32
C101991,regular,27834.84,7,0.8338,0.1662,4768.82,33
C101992,regular,115486.64,17,0.8925,0.1075,7611.42,24
C101993,new,15771.08,4,0.7466,0.2534,5280.98,25
C101994,regular,536807.37,32,0.9178,0.0822,18278.39,5
C101995,high_value,1289683.18,33,0.9606,0.0394,40684.14,47
C101996,regular,264252.52,33,0.8995,0.1005,8902.67,10
C101997,regular,427376.97,31,0.9562,0.0438,14417.22,63
C101998,high_value,3058382.97,55,0.9104,0.0896,61077.27,14
C101999,regular,120007.2,15,0.8631,0.1369,9268.94,36
C102000,high_value,2305024.74,48,0.9139,0.0861,52544.95,21
C102001,regular,75505.24,7,0.8938,0.1062,12068.29,24
C102002,at_risk,180942.15,12,0.5647,0.4353,26701.17,28
C102003,regular,475231.76,29,0.9078,0.0922,18051.38,42
C102004,new,1956.33,1,0.7726,0.2274,2532.29,85
C102005,high_value,499123.35,57,0.9246,0.0754,9470.57,24
C102006,regular,66014.26,16,0.9493,0.0507,4346.16,4
C102007,new,8213.54,4,0.7773,0.2227,2641.61,73
C102008,new,10249.86,5,0.8278,0.1722,2476.35,52
C102009,regular,102026.11,27,0.9012,0.0988,4192.91,13
C102010,new,22744.71,4,0.7789,0.2211,7300.16,11
C102011,regular,74764.08,9,0.8847,0.1153,9390.03,44
C102012,new,4547.92,2,0.7797,0.2203,2916.52,38
C102013,regular,152773.79,25,0.9421,0.0579,6486.86,99
C102014,regular,150449.86,23,0.8915,0.1085,7337.49,47
C102015,regular,169317.1,32,0.9333,0.0667,5669.13,20
C102016,regular,32719.46,8,0.8734,0.1266,4682.63,17
C102017,new,6953.53,1,0.8142,0.1858,8540.77,35
C102018,regular,238180.68,17,0.8839,0.1161,15850.84,6
C102019,regular,114455.0,34,0.9483,0.0517,3549.75,8
C102020,regular,147117.47,17,0.9127,0.0873,9481.27,12
C102021,new,37862.84,4,0.8484,0.1516,11156.57,20
C102022,new,1576.54,1,0.7281,0.2719,2165.38,32
C102023,regular,182891.59,25,0.8436,0.1564,8672.25,50
C102024,regular,24062.94,10,0.8823,0.1177,2727.39,76
C102025,regular,94204.93,27,0.8477,0.1523,4115.96,67
C102026,high_value,319991.39,19,0.8978,0.1022,18759.28,60
C102027,regular,55049.58,13,0.938,0.062,4514.63,23
C102028,regular,177478.34,22,0.9098,0.0902,8866.88,17
C102029,regular,146291.77,31,0.8884,0.1116,5311.81,43
C102030,new,1199.24,3,0.7626,0.2374,524.2,45
C102031,regular,136908.7,25,0.8831,0.1169,6201.11,13
C102032,regular,54525.94,19,0.9843,0.0157,2915.66,28
C102033,regular,225335.21,11,0.8769,0.1231,23360.66,16
C102034,new,14917.01,3,0.7205,0.2795,6901.19,8
C102035,high_value,265723.77,18,0.995,0.005,14836.61,41
C102036,at_risk,176403.98,34,0.6103,0.3897,8501.44,59
C102037,new,9771.96,4,0.8717,0.1283,2802.41,93
C102038,regular,89867.25,15,0.8863,0.1137,6759.57,29
C102039,high_value,1990453.66,50,0.995,0.005,40009.12,6
C102040,regular,245985.31,30,0.9587,0.0413,8552.75,103
C102041,high_value,1093294.69,31,0.9365,0.0635,37657.31,109
C102042,regular,50786.19,12,0.8766,0.1234,4828.12,174
C102043,at_risk,233177.82,23,0.6534,0.3466,15516.93,131
C102044,at_risk,33483.35,5,0.6459,0.3541,10368.45,39
C102045,new,2856.35,2,0.7165,0.2835,1993.2,33
C102046,regular,97514.7,25,0.8592,0.1408,4539.68,55
C102047,regular,296242.93,20,0.7959,0.2041,18611.48,9
C102048,new,7703.71,4,0.8068,0.1932,2387.14,19
C102049,regular,30517.88,15,0.8982,0.1018,2265.07,30
C102050,at_risk,110812.43,29,0.6127,0.3873,6236.49,68
C102051,new,7525.43,4,0.7039,0.2961,2672.82,70
C102052,regular,169526.99,26,0.8606,0.1394,7576.55,31
C102053,high_value,178766.46,28,0.9385,0.0615,6802.95,10
C102054,regular,46990.29,16,0.8797,0.1203,3338.34,59
C102055,regular,66660.22,14,0.9153,0.0847,5202.04,10
C102056,at_risk,13316.48,9,0.6463,0.3537,2289.51,22
C102057,regular,95617.91,21,0.995,0.005,4576.11,39
C102058,new,12672.94,2,0.7791,0.2209,8133.07,9
C102059,new,6447.91,2,0.8302,0.1698,3883.38,18
C102060,at_risk,429332.19,32,0.5827,0.4173,23026.86,65
C102061,regular,85164.23,27,0.8346,0.1654,3779.21,55
C102062,regular,183717.01,31,0.8941,0.1059,6627.95,12
C102063,new,5708.38,1,0.7081,0.2919,8061.52,42
C102064,regular,34600.03,24,0.9107,0.0893,1583.1,6
C102065,at_risk,75710.11,32,0.5849,0.4151,4045.18,51
C102066,regular,112304.59,25,0.8221,0.1779,5464.56,19
C102067,at_risk,452771.48,33,0.6981,0.3019,19653.25,28
C102068,regular,153406.93,28,0.8858,0.1142,6185.1,36
C102069,regular,33461.32,13,0.8363,0.1637,3077.75,12
C102070,high_value,961326.03,38,0.995,0.005,25425.18,18
C102071,regular,170377.34,13,0.8772,0.1228,14940.45,95
C102072,regular,89907.2,20,0.9591,0.0409,4687.27,27
C102073,high_value,2332678.97,54,0.927,0.073,46599.66,37
C102074,regular,121245.46,24,0.8857,0.1143,5704.1,37
C102075,regular,104243.88,24,0.9255,0.0745,4693.05,78
C102076,at_risk,154008.57,21,0.6467,0.3533,11340.34,58
C102077,new,11793.37,3,0.8146,0.1854,4825.94,13
C102078,regular,56304.11,10,0.906,0.094,6214.85,84
C102079,new,4602.0,2,0.8038,0.1962,2862.69,104
C102080,regular,352617.36,28,0.9436,0.0564,13346.86,13
C102081,regular,372452.05,16,0.919,0.081,25329.28,25
C102082,regular,274376.36,31,0.9036,0.0964,9795.31,30
C102083,new,1941.58,1,0.715,0.285,2715.65,26
C102084,regular,299143.67,27,0.937,0.063,11824.8,51
C102085,regular,517997.53,34,0.9119,0.0881,16707.16,28
C102086,regular,159454.53,24,0.8914,0.1086,7453.48,22
C102087,regular,313225.13,21,0.9675,0.0325,15416.53,53
C102088,regular,93502.08,11,0.8457,0.1543,10050.5,4
C102089,regular,117690.76,17,0.984,0.016,7035.69,39
C102090,regular,214921.84,30,0.909,0.091,7881.28,47
C102091,high_value,760967.01,24,0.9743,0.0257,32543.71,81
C102092,regular,36204.99,17,0.8922,0.1078,2386.97,35
C102093,regular,44613.32,7,0.835,0.165,7632.9,7
C102094,at_risk,36447.4,14,0.6137,0.3863,4241.99,37
C102095,regular,33441.5,13,0.9251,0.0749,2780.81,6
C102096,new,12258.64,3,0.8104,0.1896,5042.03,44
C102097,regular,55105.34,23,0.9011,0.0989,2658.88,72
C102098,new,12194.09,3,0.6813,0.3187,5965.78,32
C102099,regular,145813.73,24,0.8406,0.1594,7227.44,28
C102100,high_value,2199838.77,68,0.995,0.005,32513.14,57
C102101,new,4889.61,1,0.7308,0.2692,6690.43,43
C102102,high_value,927993.26,38,0.995,0.005,24543.59,54
C102103,at_risk,198214.24,35,0.578,0.422,9798.61,129
C102104,regular,107990.72,34,0.9018,0.0982,3522.11,23
C102105,regular,200444.04,33,0.9381,0.0619,6474.62,46
C102106,regular,128605.35,21,0.8731,0.1269,7014.23,85
C102107,at_risk,531238.92,24,0.6916,0.3084,32003.13,86
C102108,regular,144452.26,22,0.9134,0.0866,7188.48,49
C102109,new,2364.44,1,0.8007,0.1993,2952.83,28
C102110,regular,102945.42,29,0.898,0.102,3953.24,53
C102111,regular,70086.61,7,0.9396,0.0604,10655.51,54
C102112,new,3337.95,1,0.851,0.149,3922.18,60
C102113,regular,128688.27,23,0.9041,0.0959,6188.69,14
C102114,new,17555.06,4,0.8578,0.1422,5116.08,103
C102115,at_risk,347238.33,27,0.5925,0.4075,21706.59,85
C102116,regular,148652.4,19,0.9444,0.0556,8284.56,32
C102117,new,4374.09,2,0.802,0.198,2726.96,80
C102118,new,1225.02,1,0.7319,0.2681,1673.73,31
C102119,regular,86675.54,28,0.9196,0.0804,3366.12,92
C102120,regular,155566.2,29,0.9103,0.0897,5892.75,36
C102121,new,1536.87,1,0.7416,0.2584,2072.36,16
C102122,regular,275180.66,25,0.9261,0.0739,11885.44,118
C102123,new,11769.02,5,0.7866,0.2134,2992.44,59
C102124,regular,251230.06,25,0.9067,0.0933,11082.86,29
C102125,regular,98857.57,26,0.9069,0.0931,4192.47,97
C102126,regular,95968.11,22,0.9059,0.0941,4815.04,54
C102127,regular,40458.23,12,0.8935,0.1065,3773.58,26
C102128,new,8464.82,2,0.7863,0.2137,5382.74,98
C102129,new,23833.09,4,0.751,0.249,7933.53,60
C102130,regular,63106.25,14,0.995,0.005,4530.24,44
C102131,high_value,345539.28,23,0.8966,0.1034,16756.39,35
C102132,at_risk,30630.6,9,0.5937,0.4063,5732.65,16
C102133,at_risk,78203.71,26,0.5972,0.4028,5036.21,2
C102134,regular,80893.98,27,0.995,0.005,3011.13,56
C102135,regular,117857.85,23,0.8506,0.1494,6024.33,13
C102136,regular,102664.63,12,0.9292,0.0708,9207.59,16
C102137,high_value,519539.4,18,0.9712,0.0288,29719.89,30
C102138,high_value,1866233.99,62,0.975,0.025,30871.97,31
C102139,high_value,879274.61,21,0.995,0.005,42080.62,18
C102140,high_value,1663777.6,38,0.995,0.005,44003.64,56
C102141,regular,116413.34,31,0.8897,0.1103,4220.79,7
C102142,high_value,1553830.21,51,0.9687,0.0313,31450.7,55
C102143,high_value,2063873.11,43,0.8761,0.1239,54783.93,28
C102144,regular,192271.19,34,0.9145,0.0855,6184.02,17
C102145,at_risk,124718.77,25,0.5843,0.4157,8538.43,8
C102146,new,3355.74,3,0.7716,0.2284,1449.66,39
C102147,at_risk,58638.57,15,0.5442,0.4558,7184.01,12
C102148,high_value,692468.81,29,0.9782,0.0218,24409.9,10
C102149,new,1670.33,1,0.7037,0.2963,2373.79,84
C102150,regular,126668.98,24,0.9167,0.0833,5757.64,9
C102151,new,4020.68,2,0.7248,0.2752,2773.62,7
C102152,high_value,249947.88,20,0.9218,0.0782,13558.1,52
C102153,high_value,2095501.96,54,0.995,0.005,39000.59,41
C102154,regular,130499.8,12,0.9365,0.0635,11612.91,22
C102155,high_value,1311944.49,41,0.995,0.005,32159.44,15
C102156,new,4987.98,1,0.8502,0.1498,5866.92,19
C102157,regular,134109.52,33,0.8752,0.1248,4643.31,22
C102158,regular,55564.01,12,0.9775,0.0225,4737.14,48
C102159,new,7092.13,4,0.7141,0.2859,2483.06,40
C102160,regular,69323.39,18,0.9436,0.0564,4081.61,25
C102161,regular,92606.59,30,0.8878,0.1122,3477.01,25
C102162,regular,158534.15,21,0.8681,0.1319,8695.92,54
C102163,regular,73557.2,13,0.9377,0.0623,6034.49,17
C102164,high_value,666946.96,17,0.995,0.005,39429.32,8
C102165,regular,50975.47,8,0.9512,0.0488,6698.93,78
C102166,high_value,348278.4,24,0.9697,0.0303,14965.52,25
C102167,regular,192027.2,16,0.9159,0.0841,13103.18,110
C102168,regular,315680.92,25,0.9337,0.0663,13523.74,23
C102169,regular,63121.96,26,0.9237,0.0763,2628.39,33
C102170,regular,104076.43,12,0.9344,0.0656,9282.32,16
C102171,regular,67641.37,10,0.9192,0.0808,7358.88,40
C102172,regular,124280.87,26,0.9479,0.0521,5042.63,26
C102173,new,3741.71,2,0.7068,0.2932,2647.03,28
C102174,regular,70371.61,10,0.9041,0.0959,7783.67,36
C102175,regular,14924.51,7,0.8477,0.1523,2515.05,23
C102176,regular,268075.15,20,0.9225,0.0775,14530.58,39
C102177,high_value,3596747.26,45,0.995,0.005,80329.36,19
C102178,regular,168684.53,22,0.8887,0.1113,8628.08,38
C102179,at_risk,338463.38,31,0.6257,0.3743,17448.8,6
C102180,high_value,1057911.14,24,0.994,0.006,44343.84,9
C102181,at_risk,61359.75,9,0.527,0.473,12938.07,15
C102182,high_value,863261.49,36,0.9365,0.0635,25605.29,11
C102183,new,3339.87,3,0.7964,0.2036,1397.9,12
C102184,regular,40934.11,13,0.7796,0.2204,4038.78,46
C102185,new,3527.23,1,0.736,0.264,4792.14,26
C102186,high_value,374730.85,21,0.995,0.005,17934.0,23
C102187,regular,53991.71,12,0.9551,0.0449,4710.65,40
C102188,regular,28332.47,12,0.9268,0.0732,2547.4,42
C102189,at_risk,52704.99,30,0.6597,0.3403,2663.08,21
C102190,new,12443.07,5,0.7897,0.2103,3151.42,66
C102191,regular,76704.43,15,0.935,0.065,5469.16,27
C102192,high_value,2976031.41,58,0.9458,0.0542,54251.56,49
C102193,new,3592.97,2,0.7852,0.2148,2287.9,19
C102194,regular,26363.43,6,0.8815,0.1185,4984.33,38
C102195,high_value,797938.68,49,0.995,0.005,16366.29,53
C102196,new,7526.06,3,0.8485,0.1515,2956.72,49
C102197,regular,18291.75,6,0.9721,0.0279,3136.14,45
C102198,regular,142149.43,16,0.8916,0.1084,9964.1,18
C102199,regular,68249.92,6,0.8671,0.1329,13118.73,11
C102200,new,30489.15,5,0.8375,0.1625,7281.3,10
C102201,at_risk,263973.48,38,0.6445,0.3555,10778.79,22
C102202,high_value,5883187.76,58,0.9748,0.0252,104057.96,21
C102203,new,5474.93,4,0.7515,0.2485,1821.37,42
C102204,regular,89239.54,15,0.9292,0.0708,6402.92,32
C102205,regular,104091.13,22,0.8612,0.1388,5494.22,10
C102206,regular,46495.97,6,0.9385,0.0615,8256.85,59
C102207,regular,143760.23,23,0.972,0.028,6430.17,37
C102208,new,6913.31,4,0.8534,0.1466,2025.23,17
C102209,new,32065.05,5,0.8119,0.1881,7898.93,20
C102210,at_risk,95330.29,24,0.5578,0.4422,7120.89,78
C102211,regular,79048.18,24,0.9189,0.0811,3584.44,11
C102212,high_value,362177.88,17,0.995,0.005,21411.64,81
C102213,regular,86978.24,22,0.8709,0.1291,4539.56,26
C102214,at_risk,40474.13,8,0.6173,0.3827,8195.31,27
C102215,new,3101.7,1,0.8436,0.1564,3676.7,40
C102216,new,21847.02,5,0.8078,0.1922,5409.21,7
C102217,at_risk,165140.49,24,0.7316,0.2684,9405.12,37
C102218,at_risk,235430.26,23,0.587,0.413,17437.37,52
C102219,regular,114700.37,24,0.8655,0.1345,5522.12,22
C102220,regular,208525.68,29,0.9651,0.0349,7450.68,30
C102221,regular,44750.86,8,0.8562,0.1438,6533.46,112
C102222,regular,65759.35,10,0.9011,0.0989,7297.31,56
C102223,new,10593.69,3,0.777,0.223,4544.43,14
C102224,high_value,2691383.81,35,0.995,0.005,77283.1,21
C102225,regular,39520.12,15,0.9376,0.0624,2809.89,25
C102226,regular,218020.16,25,0.9306,0.0694,9371.49,58
C102227,new,7818.21,3,0.7619,0.2381,3420.53,14
C102228,new,4659.01,2,0.8347,0.1653,2790.91,49
C102229,regular,200869.53,31,0.995,0.005,6512.22,49
C102230,regular,796980.62,32,0.9411,0.0589,26464.18,32
C102231,regular,105662.68,22,0.9145,0.0855,5251.97,60
C102232,new,17344.59,4,0.7216,0.2784,6009.1,16
C102233,at_risk,214358.87,24,0.5913,0.4087,15104.72,68
C102234,high_value,747057.72,29,0.9504,0.0496,27105.5,6
C102235,high_value,3282063.62,49,0.9359,0.0641,71565.14,14
C102236,new,29030.01,5,0.7793,0.2207,7450.5,6
C102237,regular,130696.55,17,0.99,0.01,7765.6,16
C102238,regular,506042.89,17,0.9661,0.0339,30811.03,49
C102239,regular,45707.7,7,0.9029,0.0971,7232.27,41
C102240,regular,101811.6,19,0.8556,0.1444,6262.66,37
C102241,new,23798.97,4,0.8402,0.1598,7081.5,16
C102242,regular,68579.11,20,0.9078,0.0922,3777.25,30
C102243,regular,150460.71,12,0.8323,0.1677,15064.62,68
C102244,regular,90632.59,28,0.9421,0.0579,3435.96,17
C102245,new,1338.08,1,0.8262,0.1738,1619.64,18
C102246,regular,190931.18,29,0.8008,0.1992,8221.22,18
C102247,regular,61219.4,14,0.8729,0.1271,5009.55,35
C102248,regular,169629.3,32,0.905,0.095,5857.17,46
C102249,regular,25209.76,9,0.9431,0.0569,2970.23,54
C102250,regular,386106.24,32,0.8868,0.1132,13606.15,25
C102251,high_value,1108490.52,60,0.9226,0.0774,20025.77,23
C102252,regular,147265.19,28,0.9427,0.0573,5579.02,20
C102253,regular,35540.31,12,0.8889,0.1111,3331.77,44
C102254,at_risk,44332.53,14,0.6444,0.3556,4914.1,8
C102255,regular,267198.49,24,0.86,0.14,12945.94,28
C102256,at_risk,111954.65,26,0.5591,0.4409,7700.95,28
C102257,high_value,813514.07,27,0.994,0.006,30312.42,49
C102258,new,19405.75,3,0.7914,0.2086,8173.97,10
C102259,regular,70307.09,15,0.9515,0.0485,4926.0,52
C102260,regular,200764.24,29,0.886,0.114,7813.37,43
C102261,at_risk,48885.59,14,0.5842,0.4158,5976.9,96
C102262,regular,100281.05,10,0.9712,0.0288,10325.13,85
C102263,new,7892.97,4,0.7115,0.2885,2773.49,65
C102264,regular,105975.27,13,0.9663,0.0337,8436.11,4
C102265,new,3597.0,2,0.8394,0.1606,2142.54,11
C102266,high_value,2648763.59,57,0.995,0.005,46703.05,60
C102267,regular,23898.0,14,0.879,0.121,1941.87,27
C102268,high_value,1833776.79,46,0.9233,0.0767,43178.38,84
C102269,high_value,3134559.08,60,0.9505,0.0495,54960.59,32
C102270,regular,89268.61,11,0.8517,0.1483,9528.13,48
C102271,regular,79956.27,15,0.8667,0.1333,6150.08,46
C102272,high_value,431159.87,19,0.989,0.011,22944.72,32
C102273,high_value,2145463.05,69,0.9892,0.0108,31432.49,60
C102274,high_value,2067561.06,38,0.9128,0.0872,59609.27,51
C102275,new,10163.46,4,0.8104,0.1896,3135.22,12
C102276,regular,116075.04,23,0.9304,0.0696,5424.02,117
C102277,regular,143676.29,24,0.9779,0.0221,6121.52,11
C102278,high_value,601851.57,30,0.9856,0.0144,20354.6,17
C102279,regular,56488.62,22,0.9576,0.0424,2681.25,48
C102280,regular,74024.68,11,0.9315,0.0685,7224.63,42
C102281,new,19802.8,4,0.8241,0.1759,6007.43,54
C102282,regular,28766.37,11,0.8521,0.1479,3069.11,26
C102283,regular,160770.36,32,0.9045,0.0955,5554.4,44
C102284,regular,83634.55,13,0.9082,0.0918,7083.35,18
C102285,new,3824.55,1,0.769,0.231,4973.21,32
C102286,high_value,1007011.66,25,0.98,0.02,41103.57,78
C102287,high_value,1813922.21,69,0.9885,0.0115,26593.3,11
C102288,new,7094.29,3,0.7977,0.2023,2964.66,63
C102289,regular,84678.77,8,0.902,0.098,11734.38,28
C102290,at_risk,37764.94,24,0.5869,0.4131,2681.14,15
C102291,regular,75488.4,19,0.9594,0.0406,4141.32,16
C102292,regular,80219.82,6,0.9257,0.0743,14442.5,27
C102293,regular,141829.7,15,0.8642,0.1358,10941.59,65
C102294,regular,138779.92,30,0.9013,0.0987,5132.67,44
C102295,new,4232.47,1,0.7016,0.2984,6033.01,10
C102296,high_value,2035297.94,63,0.9616,0.0384,33596.71,61
C102297,new,8866.79,3,0.7711,0.2289,3833.09,54
C102298,new,3637.56,2,0.7541,0.2459,2411.7,6
C102299,high_value,687959.46,22,0.995,0.005,31428.02,15
C102300,at_risk,105799.44,25,0.568,0.432,7451.02,69
C102301,high_value,752166.02,39,0.9918,0.0082,19446.0,32
C102302,regular,45692.17,13,0.995,0.005,3532.44,60
C102303,regular,73214.26,26,0.9585,0.0415,2937.92,3
C102304,regular,137157.18,20,0.9086,0.0914,7547.88,1
C102305,regular,59552.59,16,0.859,0.141,4333.15,50
C102306,regular,266742.35,25,0.8487,0.1513,12571.7,20
C102307,regular,91715.02,23,0.8915,0.1085,4473.02,52
C102308,regular,52227.52,15,0.8791,0.1209,3960.75,61
C102309,high_value,1326125.24,55,0.9276,0.0724,25992.71,20
C102310,at_risk,433704.73,27,0.6053,0.3947,26536.79,30
C102311,new,8564.28,5,0.7754,0.2246,2209.0,25
C102312,regular,82649.05,12,0.9318,0.0682,7391.25,20
C102313,new,16548.62,5,0.7243,0.2757,4569.55,37
C102314,regular,125409.21,32,0.8793,0.1207,4457.0,57
C102315,regular,58959.57,10,0.9028,0.0972,6530.64,18
C102316,new,7674.75,3,0.7712,0.2288,3317.22,18
C102317,high_value,1519361.08,47,0.995,0.005,32489.28,20
C102318,regular,339580.99,33,0.9205,0.0795,11179.66,48
C102319,at_risk,46051.15,32,0.5474,0.4526,2629.03,61
C102320,new,3430.39,3,0.7988,0.2012,1431.45,25
C102321,new,19535.75,4,0.8046,0.1954,6070.36,4
C102322,regular,119128.14,19,0.9044,0.0956,6932.9,13
C102323,new,7432.35,4,0.7254,0.2746,2561.48,24
C102324,regular,233631.69,34,0.9891,0.0109,6947.16,16
C102325,at_risk,157634.65,35,0.5719,0.4281,7875.85,10
C102326,regular,109405.81,16,0.9397,0.0603,7276.38,33
C102327,new,31091.95,4,0.789,0.211,9851.67,135
C102328,regular,52805.07,22,0.937,0.063,2561.51,14
C102329,regular,183007.66,23,0.9868,0.0132,8063.22,38
C102330,regular,99573.77,15,0.9353,0.0647,7097.66,46
C102331,regular,112784.24,12,0.8849,0.1151,10621.66,49
C102332,high_value,705257.13,25,0.995,0.005,28352.05,30
C102333,new,4227.3,4,0.7516,0.2484,1406.1,11
C102334,regular,174734.1,21,0.9174,0.0826,9070.23,57
C102335,regular,123867.93,25,0.8518,0.1482,5816.68,7
C102336,high_value,2212975.66,34,0.9135,0.0865,71250.52,28
C102337,regular,136019.03,13,0.9123,0.0877,11468.66,26
C102338,regular,143564.95,28,0.9266,0.0734,5533.69,12
C102339,new,10945.19,5,0.7034,0.2966,3112.11,20
C102340,new,8908.8,5,0.8024,0.1976,2220.6,48
C102341,new,1379.68,1,0.7431,0.2569,1856.58,28
C102342,high_value,1820758.51,35,0.995,0.005,52283.09,8
C102343,regular,159800.1,24,0.8942,0.1058,7446.46,52
C102344,high_value,960020.35,30,0.9094,0.0906,35187.35,94
C102345,new,5994.63,3,0.7834,0.2166,2550.65,10
C102346,high_value,1213712.98,67,0.9188,0.0812,19716.72,30
C102347,high_value,493275.91,26,0.995,0.005,19067.49,31
C102348,new,25888.88,3,0.78,0.22,11063.28,9
C102349,new,8911.26,3,0.7732,0.2268,3841.85,71
C102350,new,5062.58,3,0.8066,0.1934,2092.07,31
C102351,high_value,4307059.95,53,0.9148,0.0852,88836.13,58
C102352,regular,46668.64,10,0.852,0.148,5477.62,39
C102353,regular,256712.78,33,0.9284,0.0716,8379.34,69
C102354,regular,31830.29,7,0.8605,0.1395,5284.26,39
C102355,high_value,1018805.13,65,0.9105,0.0895,17214.64,22
C102356,regular,365857.38,24,0.9477,0.0523,16086.1,45
C102357,regular,331307.22,18,0.9336,0.0664,19714.45,16
C102358,at_risk,139106.18,32,0.5636,0.4364,7713.34,48
C102359,new,3207.89,4,0.7521,0.2479,1066.26,14
C102360,high_value,1703014.7,58,0.9193,0.0807,31938.76,29
C102361,new,2949.37,3,0.8599,0.1401,1143.25,25
C102362,regular,239856.17,24,0.9508,0.0492,10511.48,37
C102363,high_value,1997029.11,58,0.9411,0.0589,36587.96,77
C102364,regular,397622.84,28,0.9359,0.0641,15172.97,20
C102365,regular,59167.98,25,0.849,0.151,2787.75,55
C102366,regular,62800.25,24,0.8797,0.1203,2974.41,71
C102367,regular,149456.1,30,0.9147,0.0853,5446.34,54
C102368,regular,160835.44,26,0.9304,0.0696,6649.08,37
C102369,regular,153077.17,29,0.9056,0.0944,5828.67,36
C102370,regular,41252.85,17,0.9212,0.0788,2634.33,19
C102371,regular,123054.64,11,0.9135,0.0865,12245.73,7
C102372,regular,230231.49,12,0.9026,0.0974,21255.4,32
C102373,regular,271178.18,23,0.8967,0.1033,13149.0,75
C102374,regular,220908.23,21,0.8908,0.1092,11808.74,81
C102375,new,3904.15,2,0.7904,0.2096,2469.61,9
C102376,high_value,568906.16,23,0.9785,0.0215,25278.88,80
C102377,regular,54112.22,8,0.9189,0.0811,7360.8,46
C102378,new,5056.12,3,0.727,0.273,2318.37,43
C102379,regular,38903.29,11,0.865,0.135,4088.4,74
C102380,high_value,371939.31,22,0.9779,0.0221,17287.53,61
C102381,regular,224525.94,34,0.9762,0.0238,6764.53,14
C102382,new,11903.84,5,0.7869,0.2131,3025.66,17
C102383,new,1217.13,2,0.7615,0.2385,799.19,6
C102384,new,2605.35,1,0.7901,0.2099,3297.52,42
C102385,high_value,1026966.27,58,0.9088,0.0912,19482.26,15
C102386,at_risk,209542.73,32,0.6789,0.3211,9645.29,22
C102387,new,26909.28,5,0.7884,0.2116,6826.33,69
C102388,high_value,1156629.66,56,0.9299,0.0701,22211.71,46
C102389,new,7763.86,1,0.7725,0.2275,10050.37,46
C102390,regular,495215.94,27,0.8863,0.1137,20694.66,115
C102391,high_value,1111312.41,55,0.995,0.005,20307.22,1
C102392,regular,130279.7,27,0.9009,0.0991,5355.95,16
C102393,new,3215.97,4,0.787,0.213,1021.6,25
C102394,regular,52098.51,11,0.9358,0.0642,5061.06,17
C102395,at_risk,87857.65,35,0.5867,0.4133,4278.79,58
C102396,regular,76857.43,7,0.9187,0.0813,11951.05,27
C102397,new,8236.23,5,0.7923,0.2077,2078.94,12
C102398,new,2852.69,2,0.7101,0.2899,2008.75,39
C102399,regular,159891.38,14,0.9214,0.0786,12395.45,44
C102400,regular,111060.75,30,0.9079,0.0921,4077.39,13
C102401,high_value,2285365.97,38,0.9658,0.0342,62267.75,28
C102402,high_value,1234257.63,43,0.9616,0.0384,29849.8,45
C102403,high_value,327802.2,15,0.9717,0.0283,22490.81,71
C102404,high_value,981418.49,31,0.995,0.005,31817.75,18
C102405,regular,96477.49,20,0.8569,0.1431,5629.3,48
C102406,regular,123542.3,28,0.8946,0.1054,4932.05,21
C102407,regular,126974.45,20,0.94,0.06,6753.98,34
C102408,regular,222239.38,20,0.9316,0.0684,11927.3,14
C102409,at_risk,26385.99,13,0.6407,0.3593,3168.06,47
C102410,regular,95590.05,23,0.995,0.005,4176.97,63
C102411,at_risk,31720.94,15,0.6476,0.3524,3265.3,29
C102412,regular,375302.49,33,0.9609,0.0391,11835.67,26
C102413,regular,110882.39,18,0.8962,0.1038,6873.75,25
C102414,regular,465003.51,23,0.8653,0.1347,23364.27,11
C102415,new,5893.6,2,0.7659,0.2341,3847.72,53
C102416,regular,233500.83,32,0.942,0.058,7745.87,70
C102417,regular,91532.42,16,0.9283,0.0717,6162.59,17
C102418,new,2528.42,2,0.7981,0.2019,1583.93,37
C102419,at_risk,266754.13,23,0.6104,0.3896,19002.08,46
C102420,new,7972.29,1,0.7632,0.2368,10446.16,20
C102421,new,2779.19,1,0.7719,0.2281,3600.43,81
C102422,high_value,1891899.54,44,0.9926,0.0074,43318.21,38
C102423,new,2642.22,1,0.8178,0.1822,3230.76,9
C102424,at_risk,50975.46,21,0.5747,0.4253,4223.63,66
C102425,high_value,518255.37,21,0.9943,0.0057,24820.17,30
C102426,new,22196.03,3,0.7507,0.2493,9855.47,23
C102427,regular,249062.94,30,0.9311,0.0689,8916.43,51
C102428,regular,102211.62,21,0.9014,0.0986,5399.85,21
C102429,high_value,1078489.8,22,0.995,0.005,49268.61,78
C102430,high_value,238570.82,17,0.9412,0.0588,14910.51,67
C102431,regular,68914.88,31,0.918,0.082,2421.54,85
C102432,regular,101412.78,19,0.9373,0.0627,5694.58,111
C102433,regular,117966.94,24,0.8707,0.1293,5645.4,46
C102434,regular,36824.29,15,0.9067,0.0933,2707.51,32
C102435,at_risk,101946.44,29,0.608,0.392,5781.86,20
C102436,regular,132905.62,24,0.8869,0.1131,6244.07,49
C102437,regular,27844.81,15,0.8902,0.1098,2085.26,109
C102438,regular,118544.57,23,0.96,0.04,5368.64,11
C102439,high_value,1386074.23,26,0.9331,0.0669,57134.86,40
C102440,at_risk,101407.04,5,0.6455,0.3545,31420.25,9
C102441,new,8252.12,3,0.7942,0.2058,3463.68,8
C102442,regular,176282.94,28,0.8471,0.1529,7431.89,71
C102443,regular,115187.4,18,0.9334,0.0666,6856.18,64
C102444,regular,78989.34,18,0.8464,0.1536,5184.71,19
C102445,regular,87276.99,15,0.9383,0.0617,6201.31,13
C102446,new,3437.69,1,0.7572,0.2428,4540.15,87
C102447,regular,103804.22,27,0.9104,0.0896,4223.09,14
C102448,regular,128097.53,23,0.8518,0.1482,6538.78,10
C102449,regular,122879.59,20,0.9155,0.0845,6711.01,14
C102450,regular,22622.21,6,0.9517,0.0483,3961.67,43
C102451,high_value,1902639.88,69,0.9237,0.0763,29852.65,121
C102452,regular,59827.53,9,0.8827,0.1173,7531.07,20
C102453,high_value,1518300.62,53,0.9805,0.0195,29218.16,71
C102454,regular,41950.5,6,0.9316,0.0684,7505.24,35
C102455,regular,142453.81,30,0.8005,0.1995,5932.15,5
C102456,regular,734773.94,30,0.995,0.005,24615.54,21
C102457,new,8634.44,5,0.8038,0.1962,2148.44,64
C102458,regular,39642.34,7,0.9414,0.0586,6015.96,62
C102459,regular,35258.24,7,0.9035,0.0965,5574.62,19
C102460,high_value,1203421.37,67,0.8765,0.1235,20492.1,53
C102461,regular,135666.63,28,0.9404,0.0596,5152.52,30
C102462,new,4334.56,4,0.7546,0.2454,1436.11,42
C102463,regular,74779.19,21,0.9345,0.0655,3810.6,73
C102464,regular,119451.88,14,0.9002,0.0998,9478.69,19
C102465,high_value,429855.86,29,0.9707,0.0293,15269.84,24
C102466,high_value,521572.97,47,0.9251,0.0749,11995.45,74
C102467,regular,97261.78,23,0.9489,0.0511,4456.51,113
C102468,regular,48884.64,12,0.8565,0.1435,4756.11,59
C102469,regular,52913.16,11,0.995,0.005,4834.46,40
C102470,regular,60199.22,16,0.995,0.005,3781.36,59
C102471,high_value,1255815.89,64,0.995,0.005,19720.73,21
C102472,high_value,1402155.03,34,0.995,0.005,41447.09,34
C102473,regular,69699.5,31,0.9062,0.0938,2481.11,8
C102474,regular,135797.25,28,0.9625,0.0375,5038.89,21
C102475,new,1825.77,1,0.7757,0.2243,2353.79,44
C102476,new,51489.3,5,0.7101,0.2899,14502.16,37
C102477,new,4476.91,1,0.8476,0.1524,5281.59,3
C102478,regular,111056.58,11,0.9608,0.0392,10508.0,27
C102479,at_risk,27635.11,9,0.6186,0.3814,4963.82,37
C102480,regular,136233.97,22,0.8549,0.1451,7243.76,38
C102481,regular,420052.08,31,0.8836,0.1164,15334.71,10
C102482,new,8761.4,3,0.698,0.302,4183.76,54
C102483,regular,308802.09,33,0.9525,0.0475,9824.0,103
C102484,high_value,800605.77,51,0.8879,0.1121,17681.06,58
C102485,regular,224070.55,28,0.9229,0.0771,8670.99,34
C102486,high_value,625573.85,53,0.922,0.078,12801.35,88
C102487,high_value,978006.26,60,0.8958,0.1042,18196.18,21
C102488,new,4401.43,3,0.7907,0.2093,1855.44,49
C102489,regular,147455.84,9,0.895,0.105,18306.55,31
C102490,at_risk,203773.74,31,0.6577,0.3423,9994.16,89
C102491,regular,63069.26,12,0.853,0.147,6161.82,15
C102492,new,14161.86,3,0.7459,0.2541,6328.58,15
C102493,at_risk,270178.16,33,0.5126,0.4874,15973.31,75
C102494,high_value,1422546.38,68,0.8617,0.1383,24277.23,47
C102495,regular,80020.08,12,0.9909,0.0091,6729.45,80
C102496,regular,64268.48,10,0.995,0.005,6459.14,16
C102497,regular,152786.93,11,0.9142,0.0858,15193.76,19
C102498,high_value,1099013.62,48,0.9229,0.0771,24808.14,41
C102499,regular,87536.57,15,0.8966,0.1034,6509.0,9
C102500,new,5932.28,5,0.8193,0.1807,1448.11,39
C102501,regular,88784.8,22,0.8869,0.1131,4550.56,24
C102502,at_risk,146463.26,15,0.6307,0.3693,15481.72,31
C102503,high_value,1260210.15,47,0.9594,0.0406,27946.9,54
C102504,regular,135016.25,17,0.8844,0.1156,8980.21,56
C102505,new,4779.45,5,0.7563,0.2437,1263.87,100
C102506,at_risk,31976.37,15,0.6332,0.3668,3366.65,68
C102507,at_risk,69563.37,24,0.576,0.424,5031.72,5
C102508,regular,69478.18,18,0.9303,0.0697,4148.97,16
C102509,regular,100710.91,13,0.8888,0.1112,8716.45,17
C102510,regular,74736.44,10,0.9157,0.0843,8161.39,63
C102511,regular,193616.24,34,0.9723,0.0277,5856.96,91
C102512,new,3760.01,2,0.7724,0.2276,2433.88,11
C102513,new,30723.83,3,0.8214,0.1786,12468.21,65
C102514,regular,169252.22,23,0.8294,0.1706,8872.87,34
C102515,high_value,3081427.68,62,0.9388,0.0612,52938.5,30
C102516,new,46944.54,5,0.7812,0.2188,12017.86,21
C102517,regular,34240.59,12,0.995,0.005,2867.72,27
C102518,regular,169435.37,29,0.8218,0.1782,7109.5,39
C102519,regular,136920.29,30,0.9057,0.0943,5039.37,23
C102520,new,8828.51,4,0.8456,0.1544,2610.28,45
C102521,regular,933091.93,34,0.8747,0.1253,31376.12,31
C102522,regular,63764.69,10,0.9004,0.0996,7081.64,28
C102523,regular,103938.7,24,0.9249,0.0751,4682.29,51
C102524,at_risk,128479.28,21,0.6283,0.3717,9737.44,42
C102525,new,9602.21,5,0.8505,0.1495,2258.12,3
C102526,at_risk,179447.76,10,0.6402,0.3598,28030.77,47
C102527,at_risk,72927.92,22,0.6797,0.3203,4876.66,40
C102528,high_value,2926872.26,52,0.9438,0.0562,59637.66,71
C102529,regular,90783.66,34,0.8767,0.1233,3045.72,42
C102530,regular,347768.09,29,0.8998,0.1002,13326.78,26
C102531,regular,55193.96,12,0.8578,0.1422,5361.72,20
C102532,regular,121493.85,31,0.9318,0.0682,4206.2,7
C102533,new,2757.06,3,0.7626,0.2374,1205.06,34
C102534,at_risk,112964.9,33,0.5898,0.4102,5804.27,17
C102535,regular,131260.99,18,0.9324,0.0676,7820.64,78
C102536,high_value,2792347.68,34,0.9085,0.0915,90396.16,35
C102537,regular,175556.85,20,0.9447,0.0553,9291.94,13
C102538,new,5585.56,2,0.7585,0.2415,3682.1,5
C102539,regular,194989.08,22,0.9622,0.0378,9211.72,7
C102540,regular,164177.24,28,0.8923,0.1077,6570.99,44
C102541,regular,59921.82,9,0.9384,0.0616,7094.76,84
C102542,regular,142376.45,21,0.9181,0.0819,7384.79,50
C102543,regular,213990.4,29,0.9435,0.0565,7821.06,31
C102544,regular,157767.59,21,0.9149,0.0851,8211.12,115
C102545,regular,128837.66,13,0.8351,0.1649,11866.88,58
C102546,at_risk,209765.23,30,0.6654,0.3346,10508.29,42
C102547,new,9053.49,3,0.7761,0.2239,3888.69,26
C102548,regular,44377.34,7,0.9455,0.0545,6704.84,87
C102549,regular,81968.55,21,0.9411,0.0589,4147.73,28
C102550,regular,136624.64,26,0.8752,0.1248,6004.1,17
C102551,regular,179522.6,21,0.8688,0.1312,9839.27,32
C102552,regular,77723.31,34,0.9395,0.0605,2433.21,37
C102553,at_risk,239471.71,33,0.6064,0.3936,11967.8,61
C102554,regular,53454.92,23,0.9521,0.0479,2440.95,17
C102555,regular,194304.1,20,0.902,0.098,10770.96,20
C102556,new,24150.78,5,0.8261,0.1739,5847.27,21
C102557,regular,97532.51,7,0.929,0.071,14997.29,31
C102558,regular,65812.78,22,0.923,0.077,3241.2,14
C102559,new,24140.37,5,0.7632,0.2368,6326.35,77
C102560,regular,63228.64,10,0.9205,0.0795,6869.25,8
C102561,regular,135760.4,27,0.9637,0.0363,5217.68,88
C102562,high_value,575910.39,49,0.9576,0.0424,12274.19,57
C102563,regular,52591.15,10,0.9339,0.0661,5631.33,16
C102564,regular,224428.99,32,0.9121,0.0879,7689.41,29
C102565,regular,40919.76,14,0.9156,0.0844,3192.24,18
C102566,new,10559.87,4,0.8576,0.1424,3078.49,58
C102567,new,16760.87,4,0.8341,0.1659,5023.77,82
C102568,regular,58137.59,18,0.9136,0.0864,3535.42,180
C102569,at_risk,211632.87,27,0.6297,0.3703,12448.58,48
C102570,new,4983.65,3,0.7484,0.2516,2219.65,8
C102571,regular,49689.72,10,0.9022,0.0978,5507.52,15
C102572,high_value,821145.72,45,0.9739,0.0261,18736.27,47
C102573,high_value,1183449.24,27,0.995,0.005,44051.71,30
C102574,regular,67953.33,12,0.9437,0.0563,6000.52,57
C102575,regular,96306.59,32,0.8601,0.1399,3499.17,42
C102576,regular,134026.38,14,0.954,0.046,10035.3,16
C102577,high_value,960725.17,43,0.956,0.044,23370.63,26
C102578,new,7300.18,2,0.7356,0.2644,4962.16,59
C102579,at_risk,109859.0,35,0.6801,0.3199,4614.99,44
C102580,new,6386.96,3,0.8458,0.1542,2516.99,57
C102581,high_value,2293686.4,49,0.9719,0.0281,48164.87,11
C102582,new,11491.87,3,0.8119,0.1881,4718.12,17
C102583,new,18230.37,5,0.8145,0.1855,4476.26,74
C102584,new,9254.26,3,0.8428,0.1572,3660.08,11
C102585,regular,97410.66,20,0.9428,0.0572,5166.23,55
C102586,regular,148999.49,34,0.8503,0.1497,5154.15,10
C102587,new,20424.87,4,0.8704,0.1296,5866.24,36
C102588,regular,174576.56,24,0.958,0.042,7593.29,23
C102589,regular,37599.21,7,0.8871,0.1129,6055.11,16
C102590,high_value,1965896.4,64,0.9137,0.0863,33619.62,39
C102591,high_value,3232356.11,46,0.9827,0.0173,71504.45,71
C102592,regular,147944.44,16,0.8975,0.1025,10302.79,19
C102593,new,1002.4,1,0.7948,0.2052,1261.12,4
C102594,regular,62391.23,17,0.9435,0.0565,3890.04,31
C102595,at_risk,43752.21,13,0.5945,0.4055,5661.05,16
C102596,new,5113.29,4,0.7298,0.2702,1751.67,60
C102597,regular,39129.84,14,0.9274,0.0726,3013.91,23
C102598,at_risk,32909.39,6,0.596,0.404,9202.89,20
C102599,at_risk,91094.51,8,0.6266,0.3734,18173.13,25
C102600,regular,55883.97,12,0.8496,0.1504,5481.72,71
C102601,regular,120759.95,20,0.8987,0.1013,6718.95,46
C102602,regular,49521.58,16,0.9422,0.0578,3285.06,14
C102603,high_value,1261340.44,24,0.9873,0.0127,53233.68,11
C102604,new,6558.92,3,0.7445,0.2555,2936.52,88
C102605,new,4982.04,5,0.7274,0.2726,1369.77,20
C102606,regular,38631.33,14,0.9107,0.0893,3029.92,73
C102607,regular,114243.73,17,0.9352,0.0648,7185.51,30
C102608,regular,59656.34,15,0.9282,0.0718,4284.58,17
C102609,regular,31120.41,12,0.887,0.113,2923.91,19
C102610,high_value,3611595.81,69,0.9734,0.0266,53772.2,31
C102611,high_value,1094767.02,46,0.995,0.005,23918.88,4
C102612,regular,193052.39,19,0.9192,0.0808,11053.42,18
C102613,high_value,756215.63,30,0.8865,0.1135,28434.24,109
C102614,regular,139283.33,33,0.9191,0.0809,4592.0,130
C102615,regular,243451.63,20,0.995,0.005,12233.75,20
C102616,new,5819.86,3,0.7221,0.2779,2686.67,53
C102617,high_value,1365437.34,56,0.9613,0.0387,25363.42,45
C102618,high_value,448087.04,36,0.9498,0.0502,13104.51,12
C102619,at_risk,166815.41,39,0.6243,0.3757,6851.22,54
C102620,high_value,2285319.01,35,0.9687,0.0313,67401.72,25
C102621,at_risk,142913.73,27,0.6713,0.3287,7884.87,35
C102622,regular,138771.47,23,0.9138,0.0862,6602.58,61
C102623,at_risk,36167.37,13,0.6775,0.3225,4106.57,26
C102624,regular,235128.99,34,0.9047,0.0953,7643.99,26
C102625,regular,119008.48,23,0.8942,0.1058,5786.21,50
C102626,regular,15933.24,12,0.8799,0.1201,1509.02,74
C102627,regular,48975.49,17,0.8282,0.1718,3478.39,48
C102628,regular,111902.61,20,0.9224,0.0776,6065.77,27
C102629,regular,150179.26,19,0.995,0.005,7943.89,69
C102630,new,6589.63,3,0.8006,0.1994,2743.55,44
C102631,regular,22854.59,10,0.9409,0.0591,2429.0,85
C102632,high_value,2595829.9,61,0.9414,0.0586,45202.86,100
C102633,regular,51063.97,9,0.899,0.101,6311.17,47
C102634,regular,53537.25,16,0.9543,0.0457,3506.28,81
C102635,regular,235466.02,32,0.995,0.005,7395.29,83
C102636,regular,163353.46,26,0.977,0.023,6431.01,32
C102637,regular,277733.54,30,0.9462,0.0538,9783.8,83
C102638,high_value,1479398.97,62,0.9616,0.0384,24814.61,37
C102639,new,6472.89,1,0.7894,0.2106,8199.37,57
C102640,regular,112636.53,11,0.8761,0.1239,11687.91,34
C102641,high_value,2365641.72,43,0.8948,0.1052,61480.7,9
C102642,regular,129408.53,18,0.8593,0.1407,8366.59,119
C102643,high_value,714335.61,35,0.9622,0.0378,21210.48,56
C102644,regular,205861.99,22,0.8969,0.1031,10433.47,59
C102645,high_value,604963.79,62,0.8939,0.1061,10915.93,39
C102646,high_value,1200785.87,24,0.9583,0.0417,52208.78,82
C102647,high_value,786411.36,56,0.9457,0.0543,14849.84,31
C102648,regular,82717.15,18,0.8572,0.1428,5360.8,33
C102649,high_value,1194331.66,47,0.9433,0.0567,26937.54,14
C102650,at_risk,552964.12,34,0.6056,0.3944,26857.34,42
C102651,regular,487655.98,18,0.8823,0.1177,30707.8,79
C102652,high_value,2039431.51,61,0.995,0.005,33601.31,32
C102653,high_value,1232176.23,38,0.8744,0.1256,37084.66,12
C102654,regular,43657.21,16,0.8206,0.1794,3324.94,69
C102655,at_risk,82266.61,15,0.6201,0.3799,8843.76,50
C102656,regular,31120.86,7,0.9143,0.0857,4862.42,110
C102657,regular,297147.19,30,0.9282,0.0718,10671.21,19
C102658,new,14509.42,5,0.7557,0.2443,3839.76,56
C102659,regular,281896.91,33,0.8687,0.1313,9833.54,12
C102660,high_value,2754517.38,60,0.9597,0.0403,47837.89,35
C102661,regular,60516.66,8,0.8901,0.1099,8498.3,40
C102662,regular,156966.46,17,0.9798,0.0202,9423.7,8
C102663,regular,38857.24,21,0.8954,0.1046,2066.48,76
C102664,regular,395905.99,28,0.9076,0.0924,15578.88,62
C102665,high_value,616281.18,15,0.995,0.005,41291.87,50
C102666,high_value,2162449.0,56,0.9512,0.0488,40594.73,13
C102667,new,22005.82,4,0.805,0.195,6833.88,20
C102668,regular,185521.77,34,0.9391,0.0609,5810.47,67
C102669,regular,218904.28,18,0.9429,0.0571,12897.64,34
C102670,regular,52937.0,27,0.923,0.077,2124.13,29
C102671,regular,226932.27,33,0.9187,0.0813,7485.1,81
C102672,regular,130805.56,30,0.9145,0.0855,4767.76,39
C102673,regular,110202.35,14,0.8841,0.1159,8903.71,14
C102674,regular,207502.83,29,0.9246,0.0754,7738.37,67
C102675,regular,134468.41,17,0.995,0.005,7949.65,12
C102676,regular,21009.57,6,0.9645,0.0355,3630.55,35
C102677,high_value,340351.63,18,0.9737,0.0263,19419.62,43
C102678,high_value,1754680.03,50,0.995,0.005,35269.95,57
C102679,regular,153612.12,28,0.8709,0.1291,6299.49,10
C102680,high_value,310726.17,25,0.9483,0.0517,13106.98,3
C102681,high_value,4722309.19,67,0.995,0.005,70836.41,3
C102682,new,18031.92,5,0.8469,0.1531,4258.22,88
C102683,regular,154583.08,30,0.8753,0.1247,5886.79,8
C102684,regular,113722.12,15,0.8882,0.1118,8535.4,103
C102685,high_value,786683.07,57,0.995,0.005,13870.81,71
C102686,regular,194570.14,19,0.9143,0.0857,11200.02,16
C102687,regular,112075.44,16,0.9921,0.0079,7060.84,5
C102688,regular,26655.58,9,0.9193,0.0807,3221.69,37
C102689,regular,215965.92,34,0.9211,0.0789,6896.2,23
C102690,at_risk,244300.72,25,0.6063,0.3937,16118.73,82
C102691,regular,156162.81,6,0.9524,0.0476,27327.52,42
C102692,high_value,493427.14,20,0.995,0.005,24795.33,35
C102693,at_risk,60806.44,13,0.5734,0.4266,8156.99,30
C102694,high_value,877624.24,64,0.9441,0.0559,14524.2,57
C102695,new,2029.04,1,0.8212,0.1788,2470.89,33
C102696,high_value,536409.22,28,0.9542,0.0458,20077.62,116
C102697,new,5786.27,2,0.7578,0.2422,3817.82,8
C102698,regular,337833.49,22,0.9554,0.0446,16072.43,27
C102699,high_value,1353207.47,45,0.995,0.005,30222.39,52
C102700,regular,6758.8,6,0.8898,0.1102,1266.03,47
C102701,regular,154725.56,25,0.9196,0.0804,6730.44,116
C102702,regular,297160.77,32,0.8556,0.1444,10853.29,19
C102703,high_value,391942.56,19,0.9197,0.0803,22429.58,1
C102704,regular,129203.25,24,0.9156,0.0844,5879.8,68
C102705,regular,105793.34,23,0.9114,0.0886,5046.79,41
C102706,high_value,1031801.52,20,0.9165,0.0835,56290.9,68
C102707,regular,147792.8,30,0.8778,0.1222,5612.36,45
C102708,new,20582.74,5,0.7321,0.2679,5623.14,2
C102709,regular,278609.11,34,0.9305,0.0695,8806.64,47
C102710,at_risk,35951.55,8,0.5315,0.4685,8455.91,19
C102711,regular,89632.04,30,0.8645,0.1355,3456.11,27
C102712,regular,123906.84,12,0.8262,0.1738,12498.15,32
C102713,new,6073.28,1,0.7989,0.2011,7602.47,12
C102714,high_value,836383.4,28,0.8789,0.1211,33987.5,18
C102715,regular,126381.56,22,0.9114,0.0886,6302.88,60
C102716,regular,110883.51,29,0.9838,0.0162,3886.62,60
C102717,at_risk,29367.62,14,0.6953,0.3047,3016.93,7
C102718,new,6732.11,3,0.6987,0.3013,3211.57,41
C102719,regular,155958.53,14,0.9234,0.0766,12063.63,64
C102720,regular,60123.68,25,0.8655,0.1345,2778.69,38
C102721,high_value,927424.66,44,0.9063,0.0937,23256.79,43
C102722,regular,26004.21,6,0.9049,0.0951,4789.55,7
C102723,regular,142027.95,31,0.9653,0.0347,4746.37,80
C102724,new,2903.87,3,0.807,0.193,1199.47,13
C102725,high_value,1137966.27,44,0.9278,0.0722,27874.92,26
C102726,high_value,3607820.51,62,0.9917,0.0083,58676.11,65
C102727,new,3890.52,5,0.679,0.321,1145.9,99
C102728,regular,425902.02,23,0.8761,0.1239,21135.84,28
C102729,high_value,1095452.46,24,0.9229,0.0771,49455.65,135
C102730,new,11090.4,5,0.7835,0.2165,2830.9,39
C102731,regular,108471.38,27,0.9009,0.0991,4459.52,36
C102732,regular,52067.24,29,0.9036,0.0964,1986.89,15
C102733,regular,51096.82,12,0.9021,0.0979,4719.98,27
C102734,regular,144544.96,19,0.911,0.089,8350.78,42
C102735,regular,280421.74,30,0.9343,0.0657,10004.64,52
C102736,new,3012.23,5,0.7867,0.2133,765.77,50
C102737,regular,203978.03,10,0.8972,0.1028,22734.85,24
C102738,regular,379271.72,29,0.9281,0.0719,14091.84,87
C102739,regular,95578.33,14,0.9472,0.0528,7207.77,37
C102740,new,16973.66,2,0.755,0.245,11241.15,35
C102741,high_value,859726.83,56,0.9573,0.0427,16036.6,14
C102742,new,12881.63,3,0.8323,0.1677,5159.14,56
C102743,high_value,281741.87,15,0.9104,0.0896,20631.91,34
C102744,regular,86811.48,22,0.9912,0.0088,3980.96,28
C102745,high_value,1086446.27,31,0.8997,0.1003,38952.06,10
C102746,regular,284067.78,20,0.8945,0.1055,15879.31,11
C102747,new,6828.01,4,0.7372,0.2628,2315.39,45
C102748,regular,132020.27,25,0.995,0.005,5307.35,96
C102749,new,6443.03,5,0.7573,0.2427,1701.47,30
C102750,regular,120496.86,30,0.8875,0.1125,4525.9,30
C102751,high_value,824889.31,24,0.9433,0.0567,36435.7,56
C102752,high_value,340923.92,21,0.9643,0.0357,16835.46,78
C102753,new,5224.97,1,0.7652,0.2348,6828.06,22
C102754,high_value,2031021.33,47,0.954,0.046,45295.92,14
C102755,high_value,942406.75,64,0.8012,0.1988,18379.15,33
C102756,high_value,3016889.25,51,0.9626,0.0374,61454.81,50
C102757,regular,75306.75,16,0.9108,0.0892,5167.62,3
C102758,regular,31230.67,10,0.9567,0.0433,3264.29,25
C102759,regular,87779.41,18,0.9689,0.0311,5033.13,30
C102760,regular,118563.72,23,0.9016,0.0984,5717.85,27
C102761,at_risk,15578.18,12,0.6567,0.3433,1976.73,9
C102762,new,6197.92,5,0.7304,0.2696,1697.06,25
C102763,regular,247753.12,27,0.9445,0.0555,9714.92,31
C102764,new,2723.77,2,0.7542,0.2458,1805.64,16
C102765,at_risk,245497.91,24,0.5667,0.4333,18050.62,42
C102766,regular,127824.72,27,0.9016,0.0984,5250.66,62
C102767,regular,47247.53,15,0.973,0.027,3237.17,64
C102768,high_value,2370592.33,61,0.9681,0.0319,40140.85,20
C102769,at_risk,28924.64,5,0.6873,0.3127,8416.38,49
C102770,new,1587.69,1,0.7463,0.2537,2127.39,46
C102771,high_value,752780.73,47,0.995,0.005,16097.1,110
C102772,high_value,354798.33,17,0.9307,0.0693,22425.65,49
C102773,new,11913.46,4,0.7901,0.2099,3769.41,52
C102774,high_value,732371.83,34,0.9698,0.0302,22212.25,71
C102775,regular,83438.67,33,0.9398,0.0602,2690.5,12
C102776,regular,53759.45,8,0.9213,0.0787,7294.1,36
C102777,regular,53379.27,9,0.8767,0.1233,6764.89,100
C102778,regular,27302.81,6,0.9496,0.0504,4791.92,101
C102779,new,17981.38,4,0.8579,0.1421,5239.79,25
C102780,new,5727.49,1,0.7537,0.2463,7598.87,98
C102781,new,4814.44,1,0.6974,0.3026,6903.26,28
C102782,regular,149982.42,32,0.9325,0.0675,5026.39,43
C102783,regular,79244.81,11,0.8951,0.1049,8048.37,8
C102784,regular,290406.58,23,0.9041,0.0959,13965.68,85
C102785,regular,114759.62,29,0.935,0.065,4232.2,27
C102786,regular,169994.34,28,0.8895,0.1105,6825.73,9
C102787,regular,326249.93,33,0.8979,0.1021,11010.52,31
C102788,at_risk,73203.27,13,0.6155,0.3845,9148.77,2
C102789,regular,28982.7,7,0.9761,0.0239,4241.59,55
C102790,high_value,1889487.04,60,0.9614,0.0386,32757.42,74
C102791,new,12683.28,5,0.7244,0.2756,3501.76,15
C102792,high_value,413109.28,17,0.9062,0.0938,26816.3,14
C102793,at_risk,53390.31,24,0.6263,0.3737,3552.16,52
C102794,high_value,290526.24,20,0.9092,0.0908,15977.45,56
C102795,regular,91992.12,17,0.8397,0.1603,6444.35,21
C102796,regular,119494.47,20,0.9386,0.0614,6365.58,16
C102797,regular,77297.7,26,0.9408,0.0592,3160.06,66
C102798,regular,152909.67,24,0.8934,0.1066,7131.18,9
C102799,high_value,813665.07,60,0.9732,0.0268,13934.32,24
C102800,at_risk,50317.22,18,0.6285,0.3715,4447.98,16
C102801,regular,136351.81,22,0.9371,0.0629,6613.76,51
C102802,new,27422.76,5,0.8072,0.1928,6794.42,17
C102803,regular,97894.98,14,0.7927,0.2073,8820.68,72
C102804,new,1740.51,1,0.7692,0.2308,2262.82,23
C102805,regular,28423.51,9,0.9333,0.0667,3383.85,45
C102806,regular,104882.52,18,0.8915,0.1085,6535.74,18
C102807,high_value,702331.52,18,0.9616,0.0384,40575.33,39
C102808,new,4360.45,5,0.8138,0.1862,1071.65,19
C102809,new,8865.45,5,0.7836,0.2164,2262.63,13
C102810,new,8785.37,5,0.8479,0.1521,2072.37,56
C102811,high_value,2340939.76,67,0.995,0.005,35114.97,17
C102812,regular,163451.17,13,0.9047,0.0953,13898.15,17
C102813,new,3579.29,2,0.7711,0.2289,2320.94,37
C102814,new,3668.07,3,0.6517,0.3483,1876.05,42
C102815,regular,401369.07,22,0.8953,0.1047,20377.41,13
C102816,regular,323627.84,29,0.8491,0.1509,13142.79,49
C102817,regular,68856.53,22,0.92,0.08,3402.17,18
C102818,regular,168030.25,22,0.9169,0.0831,8330.15,10
C102819,at_risk,280622.55,27,0.6513,0.3487,15957.64,27
C102820,regular,33935.33,7,0.9729,0.0271,4983.2,26
C102821,regular,165735.11,24,0.9088,0.0912,7598.47,46
C102822,new,11445.74,5,0.8826,0.1174,2593.59,112
C102823,at_risk,422025.94,27,0.6305,0.3695,24792.35,36
C102824,at_risk,113890.45,38,0.561,0.439,5342.07,50
C102825,high_value,1664154.24,56,0.9347,0.0653,31792.9,7
C102826,regular,68343.03,18,0.8932,0.1068,4250.7,74
C102827,regular,21352.44,9,0.9366,0.0634,2532.97,30
C102828,high_value,1628940.74,51,0.9174,0.0826,34816.8,11
C102829,high_value,888996.59,44,0.9466,0.0534,21344.45,72
C102830,regular,58260.15,12,0.9028,0.0972,5378.01,31
C102831,regular,240981.09,28,0.8898,0.1102,9671.99,64
C102832,regular,230665.38,32,0.9465,0.0535,7615.62,120
C102833,high_value,623674.81,19,0.9889,0.0111,33194.8,8
C102834,regular,156167.62,20,0.9625,0.0375,8112.64,18
C102835,regular,222814.56,34,0.8951,0.1049,7321.35,57
C102836,regular,86111.38,11,0.9641,0.0359,8119.69,33
C102837,regular,103332.03,14,0.8486,0.1514,8697.48,2
C102838,regular,151566.68,32,0.8475,0.1525,5588.59,24
C102839,new,18994.53,5,0.7254,0.2746,5237.13,28
C102840,high_value,4306595.94,37,0.9604,0.0396,121191.92,31
C102841,regular,72149.06,11,0.9641,0.0359,6803.19,17
C102842,regular,374252.56,25,0.8829,0.1171,16955.53,87
C102843,regular,74937.93,12,0.8885,0.1115,7028.12,7
C102844,regular,89856.32,15,0.9003,0.0997,6653.96,43
C102845,regular,122296.67,19,0.9358,0.0642,6878.42,21
C102846,regular,81967.95,16,0.8885,0.1115,5765.85,20
C102847,new,32273.79,4,0.756,0.244,10672.6,79
C102848,high_value,3037478.31,59,0.8995,0.1005,57237.5,27
C102849,regular,140239.78,31,0.8843,0.1157,5115.92,44
C102850,regular,238702.8,34,0.963,0.037,7290.52,59
C102851,regular,89978.13,20,0.9141,0.0859,4921.72,34
C102852,high_value,1518286.22,64,0.9267,0.0733,25599.5,80
C102853,regular,121670.09,21,0.9656,0.0344,6000.06,10
C102854,high_value,819150.16,39,0.9337,0.0663,22496.12,46
C102855,at_risk,287815.52,34,0.6839,0.3161,12377.81,113
C102856,regular,28666.38,7,0.9732,0.0268,4208.13,43
C102857,regular,75533.07,12,0.9125,0.0875,6897.84,6
C102858,high_value,338720.05,61,0.8926,0.1074,6221.16,47
C102859,regular,62427.57,7,0.995,0.005,8963.04,89
C102860,regular,160951.91,30,0.9274,0.0726,5784.89,25
C102861,regular,23141.88,12,0.8954,0.1046,2153.71,25
C102862,regular,128566.13,15,0.953,0.047,8993.54,55
C102863,new,925.47,1,0.8116,0.1884,1140.3,48
C102864,regular,201865.57,30,0.969,0.031,6944.18,35
C102865,new,1136.91,1,0.7502,0.2498,1515.48,18
C102866,regular,90462.62,26,0.9243,0.0757,3764.16,23
C102867,regular,204468.16,24,0.8566,0.1434,9945.31,14
C102868,at_risk,70602.0,12,0.65,0.35,9051.75,5
C102869,new,3259.86,2,0.779,0.221,2092.42,74
C102870,regular,19454.3,7,0.9226,0.0774,3012.19,57
C102871,regular,229578.44,22,0.9034,0.0966,11551.05,53
C102872,new,4425.79,1,0.7687,0.2313,5757.45,53
C102873,regular,120674.74,22,0.8709,0.1291,6298.12,28
C102874,new,2498.47,1,0.8156,0.1844,3063.47,26
C102875,regular,27350.79,15,0.977,0.023,1866.24,11
C102876,regular,171313.65,27,0.8849,0.1151,7169.84,61
C102877,regular,155528.12,32,0.9349,0.0651,5198.64,157
C102878,regular,57819.16,13,0.9294,0.0706,4785.23,45
C102879,new,1705.91,1,0.7804,0.2196,2186.04,67
C102880,new,15867.57,4,0.7113,0.2887,5576.94,67
C102881,new,14104.68,3,0.7214,0.2786,6517.02,93
C102882,regular,56849.48,15,0.8749,0.1251,4332.1,16
C102883,regular,73978.55,15,0.8137,0.1863,6060.75,8
C102884,regular,145350.19,30,0.9734,0.0266,4977.6,39
C102885,regular,17353.14,8,0.9265,0.0735,2341.1,30
C102886,new,8076.75,3,0.7787,0.2213,3457.58,149
C102887,at_risk,111858.12,29,0.5214,0.4786,7397.17,14
C102888,new,7185.15,5,0.6979,0.3021,2059.0,112
C102889,new,9761.64,3,0.7799,0.2201,4172.21,31
C102890,new,7837.82,3,0.8687,0.1313,3007.59,13
C102891,at_risk,407987.59,26,0.5886,0.4114,26661.35,99
C102892,regular,384884.85,31,0.9489,0.0511,13084.65,16
C102893,regular,141356.03,28,0.8884,0.1116,5682.58,67
C102894,at_risk,92730.9,25,0.6225,0.3775,5958.75,40
C102895,new,4995.42,2,0.8347,0.1653,2992.49,112
C102896,at_risk,346601.2,32,0.6044,0.3956,17919.77,77
C102897,regular,76396.55,20,0.8789,0.1211,4345.92,30
C102898,regular,74864.2,22,0.9738,0.0262,3494.43,99
C102899,regular,280796.91,31,0.9121,0.0879,9931.43,49
C102900,regular,85465.57,28,0.9591,0.0409,3182.49,36
C102901,at_risk,60394.66,10,0.5892,0.4108,10250.91,39
C102902,new,6346.37,3,0.8433,0.1567,2508.54,69
C102903,at_risk,90058.99,18,0.6323,0.3677,7912.66,29
C102904,regular,91059.62,14,0.9296,0.0704,6997.1,23
C102905,regular,30231.45,7,0.9159,0.0841,4715.22,19
C102906,at_risk,384655.01,33,0.5973,0.4027,19516.35,45
C102907,new,4980.07,1,0.7799,0.2201,6385.32,20
C102908,at_risk,208692.39,36,0.6001,0.3999,9660.34,69
C102909,regular,116017.99,25,0.9532,0.0468,4868.67,28
C102910,regular,31913.43,10,0.9009,0.0991,3542.54,52
C102911,new,8802.56,3,0.7127,0.2873,4117.25,80
C102912,regular,30847.53,8,0.8344,0.1656,4621.07,95
C102913,regular,184831.46,34,0.8323,0.1677,6531.58,42
C102914,regular,131822.14,19,0.9378,0.0622,7398.11,4
C102915,new,24983.18,5,0.7282,0.2718,6861.79,5
C102916,regular,93522.29,24,0.9235,0.0765,4219.54,68
C102917,high_value,2973782.42,57,0.9661,0.0339,53999.74,15
C102918,new,19448.81,3,0.7771,0.2229,8342.6,27
C102919,regular,68981.06,12,0.9297,0.0703,6182.91,75
C102920,at_risk,28273.12,6,0.6271,0.3729,7513.97,23
C102921,new,6207.71,2,0.6581,0.3419,4716.66,11
C102922,new,7710.16,4,0.7654,0.2346,2518.22,28
C102923,regular,78758.54,8,0.9291,0.0709,10595.74,59
C102924,new,29381.63,5,0.8538,0.1462,6882.45,23
C102925,regular,17976.35,7,0.9859,0.0141,2604.8,54
C102926,regular,87956.66,16,0.8487,0.1513,6477.63,11
C102927,regular,20673.95,6,0.8943,0.1057,3853.07,18
C102928,regular,55052.01,18,0.8395,0.1605,3643.07,28
C102929,regular,110119.56,15,0.9784,0.0216,7503.42,82
C102930,regular,96640.51,21,0.9556,0.0444,4815.86,25
C102931,regular,70876.02,23,0.9258,0.0742,3328.63,22
C102932,regular,172964.18,14,0.9175,0.0825,13465.86,22
C102933,high_value,828146.06,18,0.995,0.005,46239.31,54
C102934,regular,197582.25,19,0.9645,0.0355,10781.71,63
C102935,regular,17285.21,8,0.9621,0.0379,2245.74,80
C102936,regular,37635.4,14,0.9306,0.0694,2888.87,124
C102937,new,10861.7,3,0.7643,0.2357,4737.19,45
C102938,regular,289306.4,34,0.9445,0.0555,9008.82,20
C102939,new,31051.36,2,0.8167,0.1833,19009.75,32
C102940,at_risk,251799.31,21,0.6114,0.3886,19610.77,16
C102941,regular,168957.86,34,0.8942,0.1058,5557.35,39
C102942,high_value,1084527.57,49,0.995,0.005,22244.44,19
C102943,new,14641.15,4,0.8549,0.1451,4281.61,79
C102944,regular,260024.98,20,0.8763,0.1237,14836.91,43
C102945,regular,270392.44,33,0.8981,0.1019,9122.9,96
C102946,regular,141901.73,20,0.9258,0.0742,7663.8,62
C102947,high_value,643350.87,48,0.9819,0.0181,13650.25,58
C102948,at_risk,150480.34,14,0.5965,0.4035,18019.64,11
C102949,high_value,695740.94,44,0.995,0.005,15891.75,54
C102950,new,4401.12,1,0.799,0.201,5508.32,122
C102951,high_value,2148336.1,57,0.9839,0.0161,38306.37,26
C102952,new,18158.97,5,0.8591,0.1409,4227.19,71
C102953,at_risk,104808.08,10,0.5998,0.4002,17474.06,8
C102954,regular,30214.11,9,0.906,0.094,3705.35,14
C102955,regular,225380.38,31,0.8536,0.1464,8517.26,33
C102956,new,5068.48,2,0.7722,0.2278,3281.66,22
C102957,new,4218.25,2,0.713,0.287,2958.1,18
C102958,regular,54735.21,18,0.9437,0.0563,3222.42,23
C102959,at_risk,2450.08,6,0.6389,0.3611,639.14,50
C102960,high_value,1704965.25,63,0.9475,0.0525,28561.51,72
C102961,at_risk,150761.52,23,0.6155,0.3845,10649.96,53
C102962,new,13802.47,4,0.8143,0.1857,4237.7,55
C102963,regular,263239.83,23,0.8589,0.1411,13325.6,34
C102964,regular,180867.94,24,0.9192,0.0808,8198.72,14
C102965,regular,54429.07,14,0.9415,0.0585,4129.45,32
C102966,regular,226702.42,27,0.8298,0.1702,10118.59,40
C102967,regular,419629.44,20,0.9408,0.0592,22301.21,74
C102968,regular,77013.39,16,0.8347,0.1653,5766.77,106
C102969,new,3804.78,1,0.7747,0.2253,4911.24,47
C102970,regular,105638.67,14,0.8576,0.1424,8798.04,69
C102971,regular,134855.76,27,0.9744,0.0256,5125.85,3
C102972,new,10790.99,2,0.7279,0.2721,7412.11,28
C102973,at_risk,140318.14,28,0.5457,0.4543,9182.67,34
C102974,regular,81122.25,13,0.916,0.084,6812.41,52
C102975,high_value,1859068.18,45,0.9414,0.0586,43885.02,108
C102976,regular,21507.9,9,0.8423,0.1577,2837.22,45
C102977,regular,188078.05,31,0.9337,0.0663,6498.11,7
C102978,regular,81927.55,15,0.8204,0.1796,6657.67,55
C102979,high_value,919529.26,32,0.9134,0.0866,31460.76,26
C102980,regular,370975.81,24,0.8841,0.1159,17483.38,52
C102981,regular,59575.24,26,0.9461,0.0539,2421.9,58
C102982,new,3586.34,1,0.8383,0.1617,4278.13,6
C102983,regular,160340.74,30,0.9596,0.0404,5569.56,33
C102984,new,4005.58,2,0.7731,0.2269,2590.59,34
C102985,regular,253696.93,24,0.8008,0.1992,13200.66,44
C102986,new,6771.74,3,0.7976,0.2024,2830.09,20
C102987,regular,144432.44,26,0.9762,0.0238,5690.67,15
C102988,new,1237.57,1,0.8355,0.1645,1481.2,107
C102989,regular,165188.29,30,0.9308,0.0692,5915.43,41
C102990,high_value,3193352.3,69,0.9065,0.0935,51055.57,17
C102991,high_value,2306305.87,67,0.9364,0.0636,36761.96,23
C102992,regular,134963.55,33,0.995,0.005,4110.36,110
C102993,regular,23053.91,7,0.8462,0.1538,3891.79,84
C102994,regular,55183.99,27,0.8583,0.1417,2381.15,21
C102995,regular,48176.65,11,0.9524,0.0476,4598.52,14
C102996,regular,104144.75,31,0.8906,0.1094,3772.19,15
C102997,regular,41600.3,7,0.8568,0.1432,6935.99,78
C102998,at_risk,123892.02,23,0.6888,0.3112,7820.75,25
C102999,new,16502.13,2,0.8007,0.1993,10304.2,9
C103000,high_value,2320174.2,52,0.9428,0.0572,47324.82,24
C103001,regular,47035.17,13,0.8584,0.1416,4214.73,44
C103002,regular,54647.85,11,0.995,0.005,4992.95,32
C103003,high_value,455741.46,50,0.9589,0.0411,9505.51,85
C103004,new,8300.9,4,0.8429,0.1571,2462.06,44
C103005,high_value,302786.23,20,0.995,0.005,15215.39,49
C103006,regular,103355.69,23,0.8866,0.1134,5068.72,66
C103007,new,24842.01,5,0.7569,0.2431,6563.99,64
C103008,new,3540.27,1,0.8451,0.1549,4189.25,23
C103009,high_value,903891.5,37,0.995,0.005,24552.26,14
C103010,regular,31354.31,6,0.8255,0.1745,6330.07,42
C103011,high_value,1337367.65,25,0.9847,0.0153,54323.68,38
C103012,high_value,3463963.4,43,0.9545,0.0455,84393.36,45
C103013,regular,25181.6,6,0.8635,0.1365,4860.37,47
C103014,regular,66826.64,20,0.9218,0.0782,3624.88,102
C103015,regular,196753.95,34,0.8493,0.1507,6813.96,29
C103016,at_risk,121089.97,17,0.599,0.401,11891.2,49
C103017,new,12690.59,4,0.7441,0.2559,4263.92,14
C103018,regular,217914.81,21,0.8875,0.1125,11692.15,18
C103019,regular,113861.04,18,0.9068,0.0932,6975.88,36
C103020,regular,100427.98,25,0.8643,0.1357,4647.83,16
C103021,high_value,1636311.2,60,0.995,0.005,27408.9,56
C103022,regular,124574.48,22,0.9322,0.0678,6074.33,50
C103023,regular,35441.37,17,0.9908,0.0092,2104.24,21
C103024,regular,125006.62,23,0.9028,0.0972,6020.26,30
C103025,new,2449.26,1,0.7553,0.2447,3242.75,78
C103026,regular,30951.95,6,0.9891,0.0109,5215.36,42
C103027,high_value,540434.14,27,0.934,0.066,21430.78,141
C103028,regular,45612.51,13,0.902,0.098,3889.96,30
C103029,regular,101260.94,25,0.9424,0.0576,4297.99,33
C103030,high_value,638728.61,69,0.9043,0.0957,10236.55,36
C103031,new,5109.29,3,0.812,0.188,2097.39,8
C103032,regular,72846.27,15,0.9363,0.0637,5187.09,32
C103033,regular,75954.26,7,0.9671,0.0329,11219.51,31
C103034,at_risk,193902.23,31,0.6601,0.3399,9476.39,60
C103035,regular,103301.53,9,0.9685,0.0315,11851.27,80
C103036,regular,109457.3,31,0.905,0.095,3901.39,28
C103037,new,6911.18,5,0.7412,0.2588,1864.91,4
C103038,new,37674.01,4,0.8749,0.1251,10764.63,40
C103039,regular,61688.73,15,0.8413,0.1587,4888.37,16
C103040,regular,25157.93,6,0.8458,0.1542,4957.38,43
C103041,at_risk,216592.11,27,0.6454,0.3546,12428.8,42
C103042,high_value,1055940.76,22,0.995,0.005,48238.5,20
C103043,regular,251617.01,27,0.9185,0.0815,10145.72,41
C103044,high_value,441117.95,20,0.995,0.005,22166.73,9
C103045,at_risk,128286.15,36,0.5302,0.4698,6721.2,45
C103046,regular,131240.24,21,0.8875,0.1125,7041.57,63
C103047,regular,107309.62,19,0.8257,0.1743,6840.33,52
C103048,at_risk,235929.53,17,0.6551,0.3449,21184.27,24
C103049,regular,227426.31,31,0.8404,0.1596,8729.84,60
C103050,high_value,9369364.2,68,0.9025,0.0975,152670.42,56
C103051,new,6054.17,2,0.8031,0.1969,3769.11,57
C103052,regular,67268.36,15,0.9578,0.0422,4682.23,87
C103053,high_value,380678.8,20,0.9528,0.0472,19975.87,48
C103054,regular,283291.6,22,0.9357,0.0643,13762.39,15
C103055,regular,163794.94,27,0.9342,0.0658,6493.77,17
C103056,regular,84059.4,23,0.9003,0.0997,4059.46,48
C103057,new,10629.51,2,0.7307,0.2693,7273.13,7
C103058,regular,64305.63,12,0.9354,0.0646,5728.77,32
C103059,regular,300003.85,25,0.9376,0.0624,12798.95,27
C103060,regular,131994.57,27,0.9502,0.0498,5144.74,54
C103061,regular,91129.98,9,0.924,0.076,10957.88,12
C103062,regular,39512.49,10,0.8574,0.1426,4608.31,55
C103063,high_value,5205427.05,55,0.9911,0.0089,95497.37,30
C103064,regular,97045.89,25,0.9099,0.0901,4266.04,46
C103065,regular,74689.05,9,0.8883,0.1117,9342.56,13
C103066,regular,111733.52,31,0.8967,0.1033,4019.34,57
C103067,new,25794.17,4,0.7489,0.2511,8610.24,71
C103068,high_value,2522835.11,56,0.995,0.005,45277.01,180
C103069,regular,77820.62,9,0.8462,0.1538,10218.5,44
C103070,new,9851.9,5,0.7353,0.2647,2679.72,69
C103071,at_risk,104430.0,13,0.6052,0.3948,13273.31,16
C103072,high_value,559557.89,33,0.995,0.005,17041.51,84
C103073,high_value,610473.99,18,0.995,0.005,34085.65,10
C103074,high_value,1259649.21,31,0.8862,0.1138,45853.74,106
C103075,at_risk,154987.58,20,0.6808,0.3192,11382.58,41
C103076,regular,260302.34,34,0.9707,0.0293,7886.85,11
C103077,regular,86149.3,25,0.8572,0.1428,4020.18,28
C103078,regular,89603.59,18,0.7965,0.2035,6249.55,69
C103079,regular,56658.23,13,0.9068,0.0932,4806.53,32
C103080,regular,113465.37,15,0.9605,0.0395,7875.36,32
C103081,new,7850.35,2,0.8516,0.1484,4609.14,65
C103082,regular,431643.41,27,0.8708,0.1292,18358.47,34
C103083,high_value,474692.82,18,0.995,0.005,26504.34,80
C103084,high_value,2085558.12,51,0.8597,0.1403,47564.56,23
C103085,regular,127877.51,27,0.8934,0.1066,5301.1,7
C103086,regular,93235.45,12,0.8912,0.1088,8717.91,36
C103087,regular,133070.04,21,0.9619,0.0381,6587.97,39
C103088,regular,216872.31,34,0.9684,0.0316,6586.58,23
C103089,at_risk,160825.79,22,0.6629,0.3371,11027.03,45
C103090,high_value,2662143.28,63,0.8992,0.1008,46991.83,9
C103091,at_risk,234836.29,21,0.6588,0.3412,16973.86,46
C103092,high_value,2824394.2,69,0.9829,0.0171,41645.09,14
C103093,at_risk,287882.5,34,0.5448,0.4552,15541.88,11
C103094,regular,63038.99,13,0.817,0.183,5935.43,38
C103095,new,2979.39,1,0.8267,0.1733,3603.91,10
C103096,new,3820.11,3,0.7719,0.2281,1649.67,5
C103097,regular,89868.38,26,0.8522,0.1478,4056.1,50
C103098,regular,70390.34,10,0.9006,0.0994,7815.66,15
C103099,new,9883.03,4,0.7964,0.2036,3102.48,54
C103100,at_risk,27490.26,6,0.6163,0.3837,7434.56,29
C103101,new,10924.31,3,0.7102,0.2898,5127.62,38
C103102,at_risk,246871.34,23,0.7049,0.2951,15228.11,70
C103103,high_value,1745265.43,59,0.995,0.005,29729.42,48
C103104,regular,148882.48,30,0.8949,0.1051,5545.54,54
C103105,regular,35436.29,10,0.8967,0.1033,3951.76,53
C103106,regular,147225.41,14,0.9262,0.0738,11354.31,21
C103107,regular,112045.44,19,0.8592,0.1408,6863.77,47
C103108,new,10052.44,5,0.7945,0.2055,2530.44,17
C103109,at_risk,100353.43,20,0.5601,0.4399,8958.26,47
C103110,regular,83190.38,16,0.9068,0.0932,5733.62,28
C103111,regular,116464.25,10,0.8574,0.1426,13583.19,33
C103112,regular,48853.37,24,0.8597,0.1403,2367.79,98
C103113,regular,77288.27,6,0.9841,0.0159,13090.07,52
C103114,regular,124296.91,34,0.9127,0.0873,4005.62,22
C103115,regular,46990.65,7,0.9193,0.0807,7301.98,8
C103116,new,9769.32,5,0.6895,0.3105,2833.79,39
C103117,regular,62311.13,15,0.8831,0.1169,4703.78,10
C103118,regular,116527.56,32,0.9308,0.0692,3912.4,106
C103119,regular,123010.35,10,0.9187,0.0813,13389.08,34
C103120,new,8543.83,4,0.6831,0.3169,3127.0,65
C103121,regular,132693.66,8,0.9193,0.0807,18042.34,12
C103122,regular,143971.95,27,0.9265,0.0735,5755.34,51
C103123,regular,60521.17,8,0.9678,0.0322,7817.1,74
C103124,new,10363.2,1,0.7505,0.2495,13808.12,54
C103125,new,3607.78,5,0.6791,0.3209,1062.51,62
C103126,regular,185680.13,32,0.8651,0.1349,6706.97,48
C103127,new,14172.17,4,0.7306,0.2694,4849.28,26
C103128,regular,301717.75,19,0.9432,0.0568,16837.04,18
C103129,at_risk,166116.1,12,0.4977,0.5023,27811.34,20
C103130,regular,56082.57,31,0.8898,0.1102,2033.12,108
C103131,at_risk,301641.49,27,0.6842,0.3158,16329.36,42
C103132,new,4632.95,2,0.7803,0.2197,2968.61,79
C103133,new,5679.74,3,0.8203,0.1797,2307.9,23
C103134,high_value,794035.09,57,0.8861,0.1139,15720.73,59
C103135,high_value,1608754.88,63,0.8879,0.1121,28759.42,17
C103136,high_value,1874452.08,57,0.995,0.005,33050.38,30
C103137,new,11460.92,5,0.7846,0.2154,2921.64,25
C103138,high_value,515635.29,50,0.9646,0.0354,10690.65,100
C103139,regular,89387.25,13,0.8597,0.1403,7998.23,19
C103140,regular,39850.24,10,0.9145,0.0855,4357.43,55
C103141,new,19670.8,5,0.7284,0.2716,5400.86,48
C103142,at_risk,118380.13,33,0.6734,0.3266,5327.04,13
C103143,new,15180.45,3,0.9028,0.0972,5605.25,79
C103144,high_value,2230525.71,69,0.9818,0.0182,32926.47,85
C103145,regular,51744.44,33,0.8814,0.1186,1778.95,42
C103146,high_value,770037.63,32,0.846,0.154,28444.55,37
C103147,regular,124515.72,28,0.8342,0.1658,5330.85,7
C103148,high_value,541291.75,37,0.995,0.005,14703.02,11
C103149,new,2897.94,1,0.7337,0.2663,3949.84,29
C103150,new,21742.12,4,0.7633,0.2367,7120.98,17
C103151,regular,539987.75,32,0.9395,0.0605,17961.47,65
C103152,regular,66383.78,15,0.9767,0.0233,4531.15,11
C103153,new,24624.85,4,0.771,0.229,7984.52,10
C103154,new,4532.72,1,0.7618,0.2382,5950.1,52
C103155,regular,155891.67,17,0.9132,0.0868,10041.47,46
C103156,new,9224.22,5,0.7518,0.2482,2454.05,40
C103157,new,7280.29,2,0.7542,0.2458,4826.64,59
C103158,at_risk,557731.64,24,0.6385,0.3615,36393.98,22
C103159,regular,253895.99,22,0.9183,0.0817,12566.97,26
C103160,at_risk,10225.07,7,0.7159,0.2841,2040.34,45
C103161,at_risk,54214.68,7,0.6397,0.3603,12106.25,42
C103162,new,20136.21,5,0.8318,0.1682,4841.59,18
C103163,regular,105690.69,19,0.8618,0.1382,6454.77,72
C103164,regular,84295.57,13,0.9336,0.0664,6945.21,13
C103165,regular,35506.29,16,0.8775,0.1225,2529.04,28
C103166,new,4929.87,3,0.7978,0.2022,2059.79,14
C103167,new,2046.78,2,0.811,0.189,1261.91,138
C103168,new,735.19,1,0.7822,0.2178,939.84,38
C103169,regular,100322.87,23,0.995,0.005,4383.78,16
C103170,at_risk,66148.43,19,0.6843,0.3157,5087.98,26
C103171,regular,72156.67,7,0.963,0.037,10704.42,45
C103172,regular,95203.13,15,0.9444,0.0556,6720.59,65
C103173,at_risk,532435.13,28,0.6994,0.3006,27190.26,18
C103174,regular,94148.81,14,0.8453,0.1547,7955.31,88
C103175,new,3082.66,1,0.8417,0.1583,3662.58,37
C103176,high_value,1463412.41,64,0.9154,0.0846,24979.21,52
C103177,regular,49494.72,8,0.8846,0.1154,6993.9,24
C103178,new,13683.58,4,0.8053,0.1947,4248.17,47
C103179,regular,188578.52,9,0.9655,0.0345,21702.0,23
C103180,at_risk,80345.7,15,0.5681,0.4319,9428.77,27
C103181,regular,90991.45,20,0.8869,0.1131,5129.54,66
C103182,regular,114975.61,8,0.9144,0.0856,15717.55,50
C103183,new,2505.48,2,0.7716,0.2284,1623.53,29
C103184,new,28268.73,5,0.8184,0.1816,6908.03,64
C103185,new,7222.73,2,0.9346,0.0654,3864.01,44
C103186,high_value,791603.61,32,0.9789,0.0211,25271.62,6
C103187,high_value,2492008.82,31,0.9269,0.0731,86725.62,33
C103188,new,30360.42,5,0.7217,0.2783,8414.09,65
C103189,regular,100212.43,16,0.8954,0.1046,6995.23,106
C103190,new,16425.19,5,0.7377,0.2623,4453.15,15
C103191,new,1401.86,1,0.801,0.199,1750.05,63
C103192,regular,337798.63,22,0.9303,0.0697,16504.15,37
C103193,regular,91338.32,31,0.8892,0.1108,3313.7,13
C103194,regular,57270.74,8,0.995,0.005,7194.82,14
C103195,regular,82623.11,18,0.8769,0.1231,5234.52,15
C103196,regular,50791.01,8,0.9046,0.0954,7018.24,9
C103197,new,15251.68,4,0.8088,0.1912,4714.51,12
C103198,new,22186.76,5,0.8201,0.1799,5410.46,38
C103199,at_risk,48529.2,15,0.6775,0.3225,4775.38,6
C103200,high_value,762666.93,23,0.9793,0.0207,33860.95,18
C103201,at_risk,157124.6,35,0.6673,0.3327,6727.61,27
C103202,at_risk,14839.76,5,0.5901,0.4099,5029.83,18
C103203,regular,218016.22,18,0.9513,0.0487,12731.88,10
C103204,at_risk,30330.71,7,0.6607,0.3393,6558.01,36
C103205,regular,148773.13,19,0.9781,0.0219,8005.65,18
C103206,new,3456.6,2,0.7049,0.2951,2451.76,19
C103207,new,1013.27,1,0.7392,0.2608,1370.81,32
C103208,new,15261.41,5,0.817,0.183,3735.78,55
C103209,new,3619.56,3,0.6607,0.3393,1826.16,21
C103210,regular,343791.9,29,0.9321,0.0679,12717.93,22
C103211,regular,77503.45,18,0.9577,0.0423,4495.97,12
C103212,high_value,1486245.44,30,0.9341,0.0659,53038.72,65
C103213,regular,121502.82,33,0.8906,0.1094,4133.99,36
C103214,new,5306.36,1,0.7317,0.2683,7252.45,62
C103215,high_value,1237654.39,47,0.9365,0.0635,28117.69,69
C103216,regular,52400.42,9,0.8878,0.1122,6557.83,21
C103217,new,10063.18,5,0.7493,0.2507,2686.12,59
C103218,regular,39055.45,7,0.8768,0.1232,6363.28,39
C103219,regular,31611.99,6,0.8978,0.1022,5868.39,23
C103220,regular,55077.11,16,0.8973,0.1027,3836.48,20
C103221,high_value,670930.45,63,0.995,0.005,10703.21,36
C103222,high_value,900144.75,22,0.9423,0.0577,43422.83,42
C103223,regular,127934.75,11,0.9255,0.0745,12566.83,4
C103224,new,32386.4,4,0.754,0.246,10737.62,25
C103225,high_value,1013930.87,52,0.9335,0.0665,20888.41,41
C103226,regular,35492.65,8,0.8333,0.1667,5324.09,48
C103227,new,624.11,1,0.7093,0.2907,879.91,32
C103228,regular,146232.66,12,0.8557,0.1443,14241.29,47
C103229,regular,204364.22,34,0.9183,0.0817,6545.72,20
C103230,regular,258080.85,29,0.9584,0.0416,9285.35,46
C103231,new,5345.64,2,0.6996,0.3004,3820.5,42
C103232,regular,46920.92,6,0.8853,0.1147,8833.42,68
C103233,new,6367.87,1,0.7185,0.2815,8862.85,91
C103234,new,7535.89,5,0.7681,0.2319,1962.2,69
C103235,new,2614.4,1,0.8284,0.1716,3155.93,29
C103236,at_risk,38760.33,10,0.5999,0.4001,6461.24,13
C103237,regular,120003.85,32,0.9079,0.0921,4130.72,18
C103238,regular,85356.69,11,0.9755,0.0245,7954.71,90
C103239,regular,296984.18,17,0.9306,0.0694,18772.35,37
C103240,high_value,1316282.91,57,0.9258,0.0742,24943.6,43
C103241,regular,102694.25,15,0.9172,0.0828,7464.73,62
C103242,at_risk,111583.43,39,0.5828,0.4172,4909.59,35
C103243,regular,168508.62,17,0.9289,0.0711,10670.73,76
C103244,new,8653.12,4,0.8032,0.1968,2693.36,11
C103245,regular,226103.95,28,0.8485,0.1515,9517.21,49
C103246,regular,183660.56,26,0.9179,0.0821,7695.84,108
C103247,high_value,1027206.02,64,0.9547,0.0453,16811.5,80
C103248,high_value,1721516.15,56,0.9845,0.0155,31225.02,84
C103249,regular,156935.83,23,0.9474,0.0526,7202.05,10
C103250,at_risk,134566.21,22,0.6415,0.3585,9535.13,41
C103251,regular,188946.19,24,0.8964,0.1036,8783.07,32
C103252,regular,254233.73,27,0.952,0.048,9890.83,18
C103253,regular,29593.76,11,0.8707,0.1293,3089.82,41
C103254,new,4851.18,3,0.7206,0.2794,2244.12,13
C103255,high_value,1011772.14,23,0.8162,0.1838,53895.42,47
C103256,new,9562.64,3,0.7768,0.2232,4103.2,17
C103257,regular,110525.61,17,0.873,0.127,7447.06,45
C103258,regular,49055.46,9,0.9279,0.0721,5874.14,18
C103259,new,5212.13,5,0.6913,0.3087,1507.93,28
C103260,new,12225.91,5,0.7509,0.2491,3256.44,26
C103261,regular,126879.41,26,0.9312,0.0688,5240.74,32
C103262,new,3591.06,1,0.7337,0.2663,4894.73,34
C103263,regular,221556.93,18,0.9284,0.0716,13257.75,26
C103264,regular,92239.03,24,0.8849,0.1151,4343.03,15
C103265,regular,60327.45,22,0.9085,0.0915,3018.26,71
C103266,new,2455.3,1,0.8068,0.1932,3043.33,35
C103267,high_value,2044202.19,41,0.995,0.005,50109.14,42
C103268,at_risk,64391.22,10,0.6242,0.3758,10316.42,26
C103269,new,1358.07,1,0.7434,0.2566,1826.92,140
C103270,at_risk,37639.23,15,0.5994,0.4006,4186.41,37
C103271,regular,122866.29,13,0.9387,0.0613,10068.85,74
C103272,regular,25714.08,10,0.864,0.136,2976.02,28
C103273,regular,69036.74,34,0.902,0.098,2251.13,50
C103274,regular,133864.68,14,0.8926,0.1074,10711.84,31
C103275,high_value,4594500.74,67,0.9553,0.0447,71779.69,66
C103276,regular,55191.84,9,0.8646,0.1354,7092.94,24
C103277,regular,97562.83,14,0.8267,0.1733,8430.01,14
C103278,regular,152218.54,32,0.9334,0.0666,5096.06,42
C103279,new,22518.73,4,0.8234,0.1766,6837.24,69
C103280,regular,32727.57,13,0.8294,0.1706,3035.51,31
C103281,new,13445.46,3,0.7966,0.2034,5626.18,23
C103282,regular,110371.04,34,0.9587,0.0413,3385.9,11
C103283,new,1435.24,1,0.8068,0.1932,1778.89,70
C103284,new,2297.79,2,0.7612,0.2388,1509.22,17
C103285,regular,92244.87,19,0.8675,0.1325,5596.26,25
C103286,regular,88487.71,30,0.9136,0.0864,3228.38,25
C103287,regular,170136.84,24,0.9212,0.0788,7695.85,33
C103288,new,4435.65,3,0.7843,0.2157,1885.16,50
C103289,regular,31820.23,7,0.9019,0.0981,5040.22,115
C103290,regular,123961.3,20,0.8613,0.1387,7196.34,43
C103291,high_value,4862246.99,64,0.979,0.021,77600.59,12
C103292,regular,118654.01,18,0.9312,0.0688,7079.01,32
C103293,regular,81288.8,11,0.919,0.081,8040.91,44
C103294,regular,164383.65,21,0.915,0.085,8555.01,77
C103295,at_risk,71960.97,38,0.6956,0.3044,2722.54,71
C103296,high_value,435563.66,48,0.9319,0.0681,9737.33,31
C103297,regular,41646.97,8,0.9677,0.0323,5379.83,37
C103298,regular,163988.79,26,0.877,0.123,7192.11,40
C103299,new,16560.8,4,0.8299,0.1701,4988.78,37
C103300,at_risk,191820.34,29,0.6755,0.3245,9791.98,32
C103301,regular,192480.38,29,0.8968,0.1032,7400.94,93
C103302,regular,13463.47,8,0.9847,0.0153,1709.01,20
C103303,at_risk,86967.72,12,0.6411,0.3589,11304.38,63
C103304,regular,153418.41,19,0.8705,0.1295,9275.64,56
C103305,new,6390.09,2,0.7632,0.2368,4186.58,31
C103306,new,24302.96,5,0.831,0.169,5849.27,19
C103307,new,11630.44,5,0.8215,0.1785,2831.38,35
C103308,regular,146097.53,24,0.8624,0.1376,7058.77,52
C103309,new,5938.47,4,0.7737,0.2263,1918.77,1
C103310,at_risk,105178.59,13,0.6292,0.3708,12859.49,13
C103311,at_risk,47848.57,7,0.5972,0.4028,11446.74,3
C103312,regular,61739.67,7,0.995,0.005,8864.27,42
C103313,regular,50120.47,17,0.9205,0.0795,3202.84,41
C103314,regular,64438.05,13,0.9072,0.0928,5463.7,14
C103315,new,15904.62,3,0.8336,0.1664,6359.9,18
C103316,high_value,983688.3,67,0.9436,0.0564,15560.04,40
C103317,new,10079.39,5,0.8253,0.1747,2442.5,8
C103318,new,11141.62,4,0.705,0.295,3951.2,54
C103319,regular,22206.2,7,0.8896,0.1104,3566.06,29
C103320,new,3171.57,3,0.8272,0.1728,1278.02,33
C103321,regular,278410.93,29,0.9807,0.0193,9789.72,35
C103322,regular,47278.65,18,0.8752,0.1248,3001.13,12
C103323,high_value,520656.45,51,0.92,0.08,11097.19,36
C103324,regular,98518.3,27,0.9355,0.0645,3900.26,50
C103325,high_value,712421.13,18,0.932,0.068,42468.35,19
C103326,regular,180095.66,23,0.8979,0.1021,8720.49,18
C103327,high_value,1325277.47,65,0.995,0.005,20491.34,110
C103328,regular,126222.72,31,0.8855,0.1145,4598.11,16
C103329,regular,108961.27,34,0.8216,0.1784,3900.82,24
C103330,at_risk,399499.67,32,0.5615,0.4385,22235.89,82
C103331,regular,224118.2,23,0.9104,0.0896,10702.72,8
C103332,new,5047.04,3,0.6961,0.3039,2416.66,31
C103333,regular,157042.73,16,0.8966,0.1034,10946.76,49
C103334,regular,147477.9,18,0.8474,0.1526,9669.16,32
C103335,regular,295761.35,29,0.9838,0.0162,10366.64,7
C103336,regular,102492.82,18,0.995,0.005,5722.66,13
C103337,high_value,501952.03,24,0.9124,0.0876,22923.17,5
C103338,regular,112404.58,21,0.9216,0.0784,5808.23,29
C103339,regular,43392.42,11,0.8668,0.1332,4551.05,44
C103340,regular,217171.87,34,0.8961,0.1039,7128.16,19
C103341,high_value,927417.94,35,0.995,0.005,26630.81,26
C103342,new,25599.01,5,0.759,0.241,6745.47,26
C103343,new,5056.61,3,0.7671,0.2329,2197.2,74
C103344,regular,101237.73,24,0.8676,0.1324,4862.04,39
C103345,regular,73883.31,15,0.9616,0.0384,5122.36,36
C103346,high_value,843010.8,28,0.8132,0.1868,37025.66,66
C103347,regular,177033.56,22,0.8901,0.1099,9040.8,10
C103348,high_value,685589.9,54,0.9579,0.0421,13253.62,39
C103349,regular,186599.48,17,0.8803,0.1197,12469.66,22
C103350,new,4866.37,1,0.8189,0.1811,5942.86,80
C103351,new,3207.93,5,0.8341,0.1659,769.2,66
C103352,new,1743.2,1,0.7165,0.2835,2433.08,22
C103353,regular,80512.94,10,0.995,0.005,8091.75,27
C103354,regular,457314.82,31,0.846,0.154,17438.42,15
C103355,regular,132319.65,31,0.968,0.032,4409.53,60
C103356,regular,65051.85,30,0.9167,0.0833,2365.33,51
C103357,regular,136715.46,16,0.8873,0.1127,9629.66,28
C103358,regular,49278.17,13,0.8916,0.1084,4251.59,28
C103359,regular,35559.68,7,0.9085,0.0915,5591.63,23
C103360,regular,60958.54,27,0.9194,0.0806,2455.71,77
C103361,regular,51645.66,15,0.8686,0.1314,3963.93,30
C103362,regular,79330.11,31,0.8995,0.1005,2845.04,24
C103363,regular,138900.32,31,0.8753,0.1247,5118.88,56
C103364,regular,40275.65,9,0.8553,0.1447,5232.03,3
C103365,regular,190842.73,32,0.8732,0.1268,6829.7,27
C103366,regular,110319.02,10,0.8583,0.1417,12853.93,61
C103367,regular,168094.52,20,0.8911,0.1089,9431.93,89
C103368,new,10012.75,4,0.7995,0.2005,3131.09,20
C103369,regular,46325.32,19,0.9154,0.0846,2663.41,47
C103370,high_value,238984.49,16,0.995,0.005,15011.59,20
C103371,new,29571.9,4,0.6805,0.3195,10863.56,116
C103372,high_value,1472730.07,50,0.9811,0.0189,30021.4,37
C103373,new,3832.02,3,0.7803,0.2197,1637.01,51
C103374,regular,283709.45,33,0.9467,0.0533,9081.24,3
C103375,regular,162820.57,25,0.9422,0.0578,6912.06,23
C103376,new,4182.39,1,0.7726,0.2274,5413.57,56
C103377,at_risk,86416.42,9,0.6278,0.3722,15295.15,10
C103378,regular,167366.42,31,0.8765,0.1235,6159.51,37
C103379,at_risk,443599.49,15,0.6476,0.3524,45664.9,91
C103380,regular,121873.76,23,0.8255,0.1745,6419.35,58
C103381,high_value,3578097.32,62,0.995,0.005,58003.75,48
C103382,at_risk,631663.24,17,0.619,0.381,60031.07,24
C103383,regular,187337.33,29,0.8881,0.1119,7274.0,12
C103384,regular,119891.32,30,0.8995,0.1005,4442.71,32
C103385,regular,159252.73,30,0.9028,0.0972,5879.72,52
C103386,regular,205213.31,17,0.9684,0.0316,12465.55,15
C103387,at_risk,50782.65,26,0.7655,0.2345,2551.48,58
C103388,regular,72394.51,17,0.9649,0.0351,4413.44,39
C103389,regular,110947.79,34,0.8846,0.1154,3689.03,18
C103390,new,16871.21,3,0.8083,0.1917,6957.14,7
C103391,regular,159515.88,27,0.9403,0.0597,6283.1,9
C103392,at_risk,28842.58,26,0.5784,0.4216,1918.04,31
C103393,new,7918.89,5,0.7233,0.2767,2189.77,70
C103394,high_value,1642342.94,58,0.9572,0.0428,29583.86,18
C103395,at_risk,167219.48,32,0.6563,0.3437,7961.66,77
C103396,new,3884.75,2,0.7075,0.2925,2745.53,6
C103397,new,11475.05,4,0.7476,0.2524,3837.5,35
C103398,regular,104516.01,32,0.9358,0.0642,3490.31,32
C103399,regular,50555.13,22,0.9119,0.0881,2520.03,44
C103400,new,5636.8,5,0.8437,0.1563,1336.16,38
C103401,high_value,539424.0,31,0.8965,0.1035,19409.93,24
C103402,regular,171240.43,32,0.995,0.005,5378.15,24
C103403,at_risk,91729.29,15,0.5508,0.4492,11102.75,62
C103404,high_value,511728.4,64,0.8687,0.1313,9204.41,36
C103405,high_value,1649029.36,34,0.9573,0.0427,50661.64,3
C103406,regular,322014.13,26,0.8589,0.1411,14418.96,26
C103407,regular,156050.21,27,0.9083,0.0917,6363.45,28
C103408,regular,71518.18,11,0.9067,0.0933,7170.82,28
C103409,new,10039.86,5,0.7712,0.2288,2603.73,56
C103410,regular,38644.41,22,0.8721,0.1279,2014.2,21
C103411,new,19240.96,3,0.7995,0.2005,8022.39,40
C103412,regular,200032.62,27,0.8957,0.1043,8271.13,92
C103413,new,8157.21,2,0.8297,0.1703,4915.97,71
C103414,regular,172791.85,28,0.9019,0.0981,6842.5,20
C103415,regular,128949.17,33,0.8666,0.1334,4509.11,37
C103416,regular,89785.35,15,0.8341,0.1659,7176.63,1
C103417,high_value,991041.44,52,0.9523,0.0477,20014.06,50
C103418,new,9140.04,4,0.7229,0.2771,3160.96,11
C103419,high_value,602799.36,42,0.8993,0.1007,15960.34,33
C103420,high_value,206797.93,18,0.9837,0.0163,11678.72,30
C103421,regular,82938.77,14,0.83,0.17,7137.55,68
C103422,regular,120137.5,34,0.9735,0.0265,3629.46,41
C103423,regular,243286.22,34,0.9172,0.0828,7801.54,30
C103424,new,8792.32,3,0.778,0.222,3766.93,53
C103425,regular,119257.6,11,0.8634,0.1366,12556.35,76
C103426,new,16632.16,4,0.8144,0.1856,5105.67,2
C103427,high_value,195739.36,15,0.9599,0.0401,13594.86,21
C103428,at_risk,80751.15,18,0.5891,0.4109,7614.97,94
C103429,high_value,428335.42,25,0.969,0.031,17681.69,124
C103430,regular,76541.3,16,0.8343,0.1657,5734.12,18
C103431,regular,111329.79,33,0.8364,0.1636,4033.46,61
C103432,at_risk,129580.84,18,0.5696,0.4304,12638.77,18
C103433,regular,60030.6,11,0.9257,0.0743,5895.17,14
C103434,new,18037.89,4,0.7799,0.2201,5782.46,31
C103435,regular,278747.2,28,0.9572,0.0428,10400.35,66
C103436,regular,25885.41,9,0.8686,0.1314,3311.25,28
C103437,regular,91984.05,11,0.9359,0.0641,8935.3,66
C103438,new,7555.95,4,0.7749,0.2251,2437.79,70
C103439,regular,108747.81,28,0.8676,0.1324,4476.74,23
C103440,regular,158379.62,23,0.9273,0.0727,7425.63,23
C103441,new,14749.39,2,0.777,0.223,9490.88,29
C103442,new,24760.56,4,0.7517,0.2483,8234.97,34
C103443,regular,95605.13,22,0.9119,0.0881,4765.58,31
C103444,high_value,1656683.65,66,0.9542,0.0458,26306.88,37
C103445,regular,128921.1,30,0.9031,0.0969,4758.55,25
C103446,regular,187473.42,14,0.8914,0.1086,15021.83,12
C103447,high_value,931820.11,67,0.9013,0.0987,15431.17,108
C103448,regular,54702.89,20,0.9134,0.0866,2994.58,21
C103449,high_value,1135784.98,37,0.9239,0.0761,33226.14,7
C103450,regular,168707.07,23,0.8641,0.1359,8488.85,55
C103451,regular,408945.81,27,0.8992,0.1008,16844.61,15
C103452,new,13258.08,3,0.813,0.187,5435.66,52
C103453,new,7976.24,5,0.7884,0.2116,2023.52,20
C103454,at_risk,24003.38,6,0.5961,0.4039,6711.24,122
C103455,high_value,1664349.81,68,0.9343,0.0657,26197.16,84
C103456,at_risk,99151.57,30,0.6486,0.3514,5095.58,30
C103457,at_risk,66215.39,23,0.5121,0.4879,5621.3,48
C103458,new,5885.11,4,0.8159,0.1841,1803.3,42
C103459,high_value,1515862.26,17,0.8757,0.1243,101828.82,19
C103460,regular,120303.28,15,0.8463,0.1537,9476.73,54
C103461,high_value,748475.04,68,0.9369,0.0631,11748.83,36
C103462,new,12421.23,5,0.8777,0.1223,2830.55,40
C103463,regular,73930.84,24,0.9855,0.0145,3125.83,51
C103464,high_value,877964.37,27,0.9918,0.0082,32786.31,32
C103465,high_value,547775.91,17,0.976,0.024,33012.96,17
C103466,regular,50423.15,19,0.8262,0.1738,3212.13,48
C103467,regular,82792.86,21,0.9171,0.0829,4299.11,57
C103468,regular,194570.22,31,0.8853,0.1147,7089.76,58
C103469,at_risk,86031.63,21,0.5832,0.4168,7023.99,58
C103470,regular,114732.03,17,0.917,0.083,7360.08,44
C103471,regular,71762.49,25,0.8888,0.1112,3229.63,8
C103472,regular,125973.49,33,0.9491,0.0509,4022.03,125
C103473,regular,95846.59,28,0.8229,0.1771,4159.88,57
C103474,regular,182754.51,34,0.9134,0.0866,5884.91,26
C103475,regular,370803.18,22,0.8704,0.1296,19363.4,63
C103476,high_value,897427.27,56,0.9416,0.0584,17020.03,13
C103477,at_risk,342105.62,39,0.6337,0.3663,13842.24,52
C103478,at_risk,36537.79,11,0.5697,0.4303,5830.25,28
C103479,regular,49968.09,14,0.9174,0.0826,3890.55,14
C103480,regular,116276.32,34,0.9004,0.0996,3798.0,14
C103481,regular,73633.96,24,0.8803,0.1197,3485.37,47
C103482,high_value,1068464.81,36,0.9388,0.0612,31613.56,50
C103483,regular,108236.47,13,0.903,0.097,9219.78,16
C103484,regular,83437.2,15,0.8754,0.1246,6353.87,28
C103485,high_value,1363720.62,31,0.9603,0.0397,45808.71,43
C103486,regular,46324.21,13,0.8975,0.1025,3970.44,23
C103487,high_value,1651971.97,56,0.9325,0.0675,31635.11,112
C103488,regular,156778.26,30,0.9815,0.0185,5324.21,47
C103489,regular,31247.15,8,0.9287,0.0713,4205.83,32
C103490,regular,184373.18,27,0.8928,0.1072,7648.75,69
C103491,new,14319.42,5,0.7866,0.2134,3641.01,50
C103492,high_value,1937218.43,33,0.9138,0.0862,64241.66,44
C103493,regular,557301.19,22,0.8903,0.1097,28451.74,48
C103494,new,4244.32,5,0.7656,0.2344,1108.76,58
C103495,high_value,458416.43,56,0.9039,0.0961,9056.38,21
C103496,regular,65292.83,8,0.9274,0.0726,8800.23,6
C103497,high_value,442321.44,25,0.9372,0.0628,18877.47,73
C103498,regular,126989.92,23,0.894,0.106,6175.92,36
C103499,high_value,1198797.99,19,0.9344,0.0656,67523.67,25
C103500,regular,121133.11,27,0.995,0.005,4508.96,17
C103501,regular,73784.06,27,0.8802,0.1198,3104.75,15
C103502,new,13264.02,4,0.6869,0.3131,4827.43,39
C103503,regular,171249.31,21,0.838,0.162,9731.14,34
C103504,regular,133759.94,15,0.9442,0.0558,9444.64,70
C103505,regular,48799.36,10,0.9701,0.0299,5030.13,51
C103506,regular,66839.08,6,0.8793,0.1207,12668.72,57
C103507,high_value,1577403.19,32,0.995,0.005,49541.56,67
C103508,regular,99256.23,16,0.9434,0.0566,6575.9,41
C103509,regular,215346.78,24,0.9015,0.0985,9953.46,91
C103510,at_risk,153251.13,38,0.6083,0.3917,6630.05,20
C103511,regular,49166.59,7,0.9181,0.0819,7650.04,67
C103512,at_risk,214003.36,28,0.6595,0.3405,11589.3,6
C103513,at_risk,53813.41,12,0.6379,0.3621,7030.26,6
C103514,at_risk,272898.89,28,0.5895,0.4105,16532.09,13
C103515,high_value,1845782.08,48,0.9522,0.0478,40385.82,32
C103516,regular,199482.28,34,0.995,0.005,5896.61,5
C103517,new,19185.47,3,0.7913,0.2087,8081.79,31
C103518,regular,80273.35,22,0.9491,0.0509,3844.39,26
C103519,high_value,1571008.29,27,0.9843,0.0157,59113.89,118
C103520,regular,77473.1,14,0.9223,0.0777,5999.99,10
C103521,high_value,221936.95,22,0.9649,0.0351,10455.11,38
C103522,new,4176.55,1,0.8204,0.1796,5090.98,50
C103523,regular,321194.64,33,0.9423,0.0577,10328.74,6
C103524,regular,49842.98,11,0.9219,0.0781,4915.18,87
C103525,regular,240074.09,33,0.8788,0.1212,8278.48,56
C103526,new,3596.69,2,0.7974,0.2026,2255.4,74
C103527,new,4867.98,3,0.777,0.223,2088.41,42
C103528,high_value,2462070.73,56,0.9461,0.0539,46468.9,19
C103529,regular,49916.03,14,0.995,0.005,3583.35,9
C103530,new,12091.67,4,0.7107,0.2893,4253.18,60
C103531,new,7823.17,3,0.8231,0.1769,3168.05,25
C103532,regular,147841.5,17,0.8712,0.1288,9982.51,4
C103533,new,11005.9,3,0.7859,0.2141,4668.04,27
C103534,regular,138279.79,18,0.995,0.005,7720.81,34
C103535,high_value,2074111.96,42,0.9167,0.0833,53871.47,81
C103536,regular,100106.92,34,0.8774,0.1226,3355.64,28
C103537,regular,67922.44,13,0.9092,0.0908,5746.52,34
C103538,new,3839.37,1,0.7419,0.2581,5175.22,34
C103539,regular,350350.11,34,0.9498,0.0502,10849.24,66
C103540,high_value,742706.64,38,0.9359,0.0641,20882.52,19
C103541,regular,48883.58,16,0.9394,0.0606,3252.21,46
C103542,high_value,3210972.02,28,0.9002,0.0998,127393.13,23
C103543,regular,41843.27,14,0.8287,0.1713,3606.65,80
C103544,regular,135089.02,24,0.8997,0.1003,6256.24,92
C103545,regular,458602.18,26,0.8394,0.1606,21012.85,38
C103546,regular,70284.88,16,0.9783,0.0217,4490.14,44
C103547,at_risk,75189.94,31,0.5512,0.4488,4400.7,29
C103548,new,20875.82,4,0.7333,0.2667,7117.04,6
C103549,high_value,490595.71,15,0.9786,0.0214,33421.16,35
C103550,high_value,142550.33,17,0.9336,0.0664,8981.57,32
C103551,regular,64654.86,9,0.8417,0.1583,8535.23,26
C103552,regular,126859.15,17,0.995,0.005,7499.8,28
C103553,regular,85368.56,21,0.8649,0.1351,4700.02,46
C103554,regular,44802.88,7,0.9012,0.0988,7102.35,44
C103555,high_value,1828889.83,52,0.9506,0.0494,36999.23,29
C103556,regular,38288.38,8,0.942,0.058,5080.92,84
C103557,at_risk,41637.02,17,0.6408,0.3592,3822.12,5
C103558,regular,149110.8,32,0.8728,0.1272,5338.85,20
C103559,regular,16337.43,7,0.8953,0.1047,2606.75,60
C103560,regular,98099.28,17,0.8998,0.1002,6413.22,7
C103561,regular,281621.66,28,0.9437,0.0563,10657.92,5
C103562,at_risk,94068.0,17,0.5674,0.4326,9751.79,20
C103563,new,4380.53,3,0.8708,0.1292,1676.79,33
C103564,at_risk,207239.57,34,0.5858,0.4142,10404.4,24
C103565,high_value,368146.57,19,0.9596,0.0404,20191.76,39
C103566,high_value,1447247.31,28,0.9078,0.0922,56936.97,5
C103567,regular,85693.59,15,0.8516,0.1484,6708.57,18
C103568,high_value,2426679.93,65,0.9207,0.0793,40551.25,54
C103569,regular,205166.17,20,0.8663,0.1337,11841.16,46
C103570,high_value,670763.42,33,0.9414,0.0586,21592.37,21
C103571,new,2974.92,1,0.7359,0.2641,4042.31,37
C103572,regular,67351.84,8,0.9413,0.0587,8943.99,32
C103573,regular,159580.92,29,0.8748,0.1252,6290.59,33
C103574,regular,96060.68,24,0.8698,0.1302,4601.78,42
C103575,regular,133169.14,30,0.8923,0.1077,4974.66,95
C103576,high_value,3751333.22,55,0.995,0.005,68548.8,97
C103577,regular,82538.73,31,0.9197,0.0803,2895.11,7
C103578,high_value,1585884.01,33,0.9555,0.0445,50294.49,28
C103579,new,3954.66,2,0.7155,0.2845,2763.52,12
C103580,high_value,1140955.93,66,0.9086,0.0914,19026.66,44
C103581,high_value,1494129.5,60,0.9025,0.0975,27593.29,29
C103582,regular,86991.38,16,0.9688,0.0312,5612.01,67
C103583,high_value,1568892.12,40,0.9839,0.0161,39865.11,34
C103584,at_risk,26501.18,10,0.5812,0.4188,4559.52,87
C103585,high_value,1193282.46,52,0.9346,0.0654,24553.46,99
C103586,regular,43035.86,7,0.8729,0.1271,7043.47,85
C103587,regular,232471.36,16,0.8701,0.1299,16697.91,3
C103588,high_value,905711.44,37,0.9807,0.0193,24960.08,41
C103589,regular,77970.6,10,0.8971,0.1029,8691.79,26
C103590,high_value,2010298.2,66,0.995,0.005,30612.12,29
C103591,regular,81968.83,21,0.9663,0.0337,4039.55,60
C103592,high_value,564734.75,34,0.995,0.005,16693.31,27
C103593,new,13298.19,5,0.8102,0.1898,3282.65,35
C103594,new,4671.5,1,0.761,0.239,6138.8,37
C103595,at_risk,61970.21,5,0.6469,0.3531,19159.11,5
C103596,high_value,506103.72,61,0.9443,0.0557,8786.15,24
C103597,high_value,1634202.22,48,0.995,0.005,34216.96,70
C103598,at_risk,499566.03,28,0.6382,0.3618,27956.52,4
C103599,regular,27148.3,10,0.9218,0.0782,2945.12,50
C103600,regular,170015.21,32,0.9157,0.0843,5801.98,16
C103601,new,16964.44,3,0.8583,0.1417,6588.3,25
C103602,regular,197535.35,23,0.8455,0.1545,10158.11,57
C103603,regular,74299.85,13,0.9927,0.0073,5757.27,13
C103604,at_risk,117122.01,36,0.6116,0.3884,5319.27,27
C103605,new,18677.1,3,0.7167,0.2833,8686.34,7
C103606,new,3443.78,1,0.7462,0.2538,4615.39,45
C103607,regular,234196.42,32,0.8357,0.1643,8757.35,18
C103608,new,2637.44,1,0.8094,0.1906,3258.45,9
C103609,regular,142218.96,28,0.8633,0.1367,5883.68,34
C103610,regular,159257.06,18,0.9176,0.0824,9642.23,7
C103611,regular,25949.59,10,0.961,0.039,2700.16,25
C103612,regular,207274.82,15,0.8798,0.1202,15706.94,17
C103613,high_value,476208.8,50,0.9479,0.0521,10047.28,40
C103614,regular,66025.76,22,0.8513,0.1487,3525.2,40
C103615,regular,251352.8,28,0.8925,0.1075,10057.87,19
C103616,regular,72387.8,13,0.995,0.005,5596.27,85
C103617,new,12100.8,5,0.815,0.185,2969.5,68
C103618,regular,147886.56,27,0.8981,0.1019,6098.83,15
C103619,at_risk,274179.01,22,0.5925,0.4075,21034.98,134
C103620,regular,72372.93,14,0.9081,0.0919,5692.77,55
C103621,regular,89071.01,13,0.9159,0.0841,7481.14,43
C103622,regular,134096.65,18,0.8911,0.1089,8359.85,45
C103623,high_value,581207.3,34,0.9839,0.0161,17374.89,11
C103624,regular,100874.71,10,0.8671,0.1329,11633.64,76
C103625,regular,207789.2,17,0.8669,0.1331,14099.99,5
C103626,high_value,663516.5,60,0.9767,0.0233,11322.9,44
C103627,regular,107024.2,16,0.8574,0.1426,7801.41,69
C103628,regular,220188.8,14,0.9428,0.0572,16681.88,16
C103629,new,2649.84,3,0.7794,0.2206,1133.34,58
C103630,new,11667.82,2,0.6977,0.3023,8361.11,36
C103631,at_risk,9565.48,9,0.6249,0.3751,1700.73,60
C103632,regular,159783.79,28,0.8342,0.1658,6841.02,67
C103633,regular,165976.52,15,0.9412,0.0588,11756.36,90
C103634,regular,192290.75,26,0.8988,0.1012,8228.45,78
C103635,new,2451.09,1,0.8633,0.1367,2839.22,6
C103636,high_value,675121.1,56,0.995,0.005,12116.32,15
C103637,regular,107732.14,26,0.8623,0.1377,4805.4,48
C103638,high_value,1944761.79,59,0.8691,0.1309,37928.12,67
C103639,regular,157274.22,25,0.876,0.124,7181.3,13
C103640,regular,95286.96,13,0.855,0.145,8572.39,54
C103641,new,12577.28,3,0.8622,0.1378,4862.71,81
C103642,high_value,1502911.83,59,0.9595,0.0405,26547.3,65
C103643,new,17892.74,4,0.822,0.178,5441.8,54
C103644,new,4780.57,4,0.7672,0.2328,1557.85,32
C103645,high_value,569803.62,23,0.9519,0.0481,26025.51,31
C103646,regular,174053.93,30,0.9085,0.0915,6385.9,121
C103647,regular,93948.2,12,0.9598,0.0402,8156.97,1
C103648,regular,135340.11,14,0.924,0.076,10462.02,23
C103649,high_value,836253.03,63,0.9124,0.0876,14547.97,15
C103650,regular,195547.12,31,0.983,0.017,6416.98,9
C103651,regular,17319.24,15,0.8968,0.1032,1287.45,51
C103652,regular,378362.72,26,0.8895,0.1105,16360.19,47
C103653,regular,30234.87,7,0.7827,0.2173,5518.61,34
C103654,regular,89216.94,23,0.9385,0.0615,4132.98,47
C103655,new,1506.72,1,0.7845,0.2155,1920.5,60
C103656,new,30021.31,4,0.7845,0.2155,9567.06,29
C103657,regular,96843.58,31,0.8919,0.1081,3502.73,49
C103658,high_value,1191774.6,61,0.9341,0.0659,20915.29,27
C103659,new,16134.66,5,0.7634,0.2366,4227.23,50
C103660,regular,130737.04,26,0.9308,0.0692,5401.93,82
C103661,at_risk,240258.82,23,0.6488,0.3512,16101.53,64
C103662,high_value,981165.9,28,0.9496,0.0504,36901.33,101
C103663,regular,99971.03,22,0.9527,0.0473,4769.74,23
C103664,regular,117850.95,30,0.9064,0.0936,4333.81,19
C103665,regular,55485.9,14,0.8873,0.1127,4466.62,46
C103666,regular,127894.12,16,0.9189,0.0811,8698.59,23
C103667,new,3450.07,2,0.7188,0.2812,2399.79,52
C103668,regular,146214.58,8,0.9205,0.0795,19855.92,39
C103669,regular,223090.14,26,0.8406,0.1594,10207.44,15
C103670,regular,270658.66,26,0.8638,0.1362,12052.01,47
C103671,regular,116814.4,27,0.8192,0.1808,5281.59,16
C103672,regular,167703.4,27,0.9021,0.0979,6885.16,86
C103673,regular,72665.7,9,0.9824,0.0176,8218.33,29
C103674,high_value,1892647.67,68,0.9547,0.0453,29152.75,18
C103675,high_value,2005739.69,43,0.989,0.011,47165.76,40
C103676,regular,112494.98,25,0.995,0.005,4522.41,44
C103677,regular,133663.88,28,0.9282,0.0718,5143.07,22
C103678,regular,100164.68,11,0.8756,0.1244,10400.0,21
C103679,new,2423.71,1,0.7518,0.2482,3224.05,7
C103680,high_value,1567038.4,32,0.96,0.04,51008.79,62
C103681,new,26644.88,5,0.7515,0.2485,7090.93,84
C103682,regular,199059.91,19,0.8849,0.1151,11839.76,68
C103683,regular,205999.7,32,0.9543,0.0457,6745.51,18
C103684,new,15922.5,3,0.8262,0.1738,6424.17,46
C103685,new,3810.68,4,0.7059,0.2941,1349.6,41
C103686,regular,52943.57,18,0.8732,0.1268,3368.49,9
C103687,at_risk,35678.61,13,0.5991,0.4009,4580.9,22
C103688,regular,139762.94,27,0.937,0.063,5524.69,44
C103689,regular,59398.42,21,0.9614,0.0386,2941.94,4
C103690,new,18257.9,2,0.9016,0.0984,10125.4,13
C103691,regular,150570.52,25,0.889,0.111,6774.49,57
C103692,new,9985.84,2,0.7613,0.2387,6558.48,17
C103693,regular,168124.81,24,0.9365,0.0635,7480.31,9
C103694,high_value,655232.36,27,0.9293,0.0707,26114.13,66
C103695,regular,121469.06,24,0.9037,0.0963,5600.81,17
C103696,regular,185285.85,28,0.8913,0.1087,7424.19,57
C103697,new,4196.92,2,0.662,0.338,3169.75,99
C103698,new,2534.29,2,0.7855,0.2145,1613.08,13
C103699,regular,235913.29,32,0.9018,0.0982,8175.14,30
C103700,high_value,377207.64,35,0.995,0.005,10831.52,41
C103701,regular,95401.51,14,0.9102,0.0898,7486.31,65
C103702,regular,91682.3,32,0.8535,0.1465,3356.71,22
C103703,regular,121924.83,24,0.8984,0.1016,5654.81,1
C103704,new,14288.56,3,0.6859,0.3141,6943.93,13
C103705,new,3461.0,1,0.7255,0.2745,4770.45,25
C103706,regular,175799.08,23,0.9386,0.0614,8143.47,57
C103707,regular,208831.28,15,0.8989,0.1011,15488.44,30
C103708,regular,95862.29,18,0.9515,0.0485,5597.07,55
C103709,high_value,293156.02,17,0.8715,0.1285,19787.35,25
C103710,high_value,1403128.33,52,0.9491,0.0509,28430.66,38
C103711,high_value,973655.56,53,0.9386,0.0614,19572.58,60
C103712,at_risk,330113.31,33,0.663,0.337,15087.83,71
C103713,high_value,848276.31,51,0.9903,0.0097,16796.22,114
C103714,high_value,1387228.19,45,0.9889,0.0111,31173.27,42
C103715,high_value,3863049.09,34,0.995,0.005,114190.04,5
C103716,high_value,1168470.99,54,0.9434,0.0566,22935.68,48
C103717,high_value,1847846.17,62,0.995,0.005,29953.74,5
C103718,at_risk,63806.68,26,0.573,0.427,4282.82,52
C103719,regular,181921.62,24,0.8614,0.1386,8800.11,37
C103720,regular,159112.49,16,0.9439,0.0561,10535.87,69
C103721,regular,68791.45,14,0.8423,0.1577,5833.73,25
C103722,high_value,273059.28,19,0.9858,0.0142,14578.93,39
C103723,regular,324215.71,29,0.9146,0.0854,12224.31,48
C103724,high_value,2129354.92,36,0.995,0.005,59445.98,2
C103725,high_value,3206067.03,69,0.9573,0.0427,48536.01,47
C103726,at_risk,76213.41,16,0.6225,0.3775,7651.68,3
C103727,regular,211437.71,18,0.9329,0.0671,12591.2,18
C103728,regular,293371.48,24,0.8802,0.1198,13887.84,43
C103729,high_value,2689202.09,62,0.9282,0.0718,46728.36,4
C103730,at_risk,78789.67,26,0.6413,0.3587,4724.99,53
C103731,at_risk,120597.65,28,0.6187,0.3813,6961.67,50
C103732,regular,44747.75,6,0.8917,0.1083,8364.03,67
C103733,regular,172587.85,8,0.9063,0.0937,23804.57,7
C103734,new,5778.68,5,0.8518,0.1482,1356.89,112
C103735,at_risk,441588.3,28,0.6001,0.3999,26282.21,11
C103736,regular,123552.33,30,0.8888,0.1112,4633.89,38
C103737,high_value,3862030.5,69,0.8832,0.1168,63375.99,26
C103738,high_value,568059.52,25,0.9581,0.0419,23716.23,31
C103739,regular,196426.06,10,0.9396,0.0604,20906.18,101
C103740,regular,272563.18,29,0.9476,0.0524,9918.15,12
C103741,new,7087.18,3,0.7849,0.2151,3009.92,91
C103742,high_value,1011039.71,40,0.995,0.005,25403.01,59
C103743,regular,409919.89,32,0.9429,0.0571,13585.67,34
C103744,new,110828.44,5,0.8301,0.1699,26702.99,33
C103745,regular,98833.49,19,0.9543,0.0457,5450.9,50
C103746,regular,314413.75,31,0.9806,0.0194,10342.52,24
C103747,high_value,1609799.41,22,0.9524,0.0476,76832.72,28
C103748,regular,218071.49,18,0.8503,0.1497,14248.31,38
C103749,regular,110857.54,33,0.9399,0.0601,3574.25,85
C103750,new,8651.11,3,0.8151,0.1849,3537.74,31
C103751,regular,69919.14,12,0.9806,0.0194,5941.57,6
C103752,regular,34869.36,18,0.9677,0.0323,2001.93,40
C103753,high_value,2621022.22,62,0.995,0.005,42486.99,32
C103754,regular,93954.76,17,0.9379,0.0621,5892.73,20
C103755,regular,106926.62,28,0.9203,0.0797,4149.54,44
C103756,regular,34215.65,7,0.8477,0.1523,5766.3,21
C103757,regular,899476.9,30,0.9239,0.0761,32453.43,30
C103758,at_risk,75454.68,17,0.5951,0.4049,7457.96,38
C103759,new,3411.99,2,0.7895,0.2105,2160.81,41
C103760,at_risk,471116.03,24,0.6225,0.3775,31536.25,47
C103761,regular,93419.72,6,0.9312,0.0688,16719.81,51
C103762,new,4228.13,3,0.7756,0.2244,1817.1,38
C103763,regular,42057.84,15,0.9521,0.0479,2944.99,8
C103764,new,7280.89,1,0.6575,0.3425,11074.3,42
C103765,high_value,368658.24,43,0.9685,0.0315,8851.84,66
C103766,regular,195665.13,23,0.9641,0.0359,8823.85,6
C103767,regular,100276.8,10,0.9942,0.0058,10086.67,8
C103768,regular,101792.52,20,0.9429,0.0571,5397.62,18
C103769,regular,240314.89,34,0.9858,0.0142,7169.75,63
C103770,at_risk,23443.05,6,0.6276,0.3724,6225.56,17
C103771,at_risk,248563.79,19,0.6201,0.3799,21096.11,63
C103772,regular,204879.21,29,0.9338,0.0662,7565.45,41
C103773,high_value,1035439.95,28,0.9599,0.0401,38526.6,21
C103774,high_value,382802.07,19,0.9248,0.0752,21785.91,175
C103775,regular,16490.85,6,0.8868,0.1132,3099.27,11
C103776,regular,72907.23,23,0.86,0.14,3686.11,35
C103777,new,24405.56,5,0.8038,0.1962,6072.72,15
C103778,high_value,2597323.9,55,0.9605,0.0395,49165.49,44
C103779,at_risk,30222.28,18,0.6038,0.3962,2780.81,16
C103780,new,26369.07,4,0.7545,0.2455,8737.28,24
C103781,high_value,2177246.34,59,0.9827,0.0173,37551.08,19
C103782,at_risk,100059.83,23,0.6551,0.3449,6640.66,28
C103783,regular,141206.16,23,0.8591,0.1409,7146.09,65
C103784,regular,40947.0,7,0.8521,0.1479,6865.26,9
C103785,at_risk,142238.46,38,0.663,0.337,5646.13,17
C103786,at_risk,460979.36,38,0.5581,0.4419,21735.57,25
C103787,new,3309.24,1,0.8046,0.1954,4112.72,29
C103788,regular,103830.22,24,0.9828,0.0172,4402.15,81
C103789,regular,86672.34,21,0.9829,0.0171,4199.21,18
C103790,regular,145886.22,25,0.9432,0.0568,6186.83,63
C103791,regular,139544.36,14,0.9419,0.0581,10582.33,88
C103792,new,20908.82,3,0.8813,0.1187,7908.0,30
C103793,new,4083.09,3,0.675,0.325,2016.48,14
C103794,regular,72034.44,13,0.8891,0.1109,6232.23,74
C103795,regular,406235.21,27,0.9482,0.0518,15867.99,60
C103796,regular,103137.91,26,0.8948,0.1052,4433.11,13
C103797,high_value,721997.04,63,0.995,0.005,11517.86,97
C103798,regular,65650.09,10,0.9082,0.0918,7228.36,19
C103799,regular,58793.38,12,0.9159,0.0841,5349.16,30
C103800,new,5972.46,2,0.7676,0.2324,3890.15,53
C103801,regular,183128.14,23,0.8865,0.1135,8981.62,89
C103802,regular,112324.04,30,0.8854,0.1146,4228.84,42
C103803,new,3341.47,1,0.7922,0.2078,4217.94,27
C103804,new,25622.5,4,0.7451,0.2549,8596.49,24
C103805,new,7086.78,2,0.8229,0.1771,4306.01,27
C103806,regular,193881.5,11,0.9394,0.0606,18762.7,133
C103807,regular,29532.8,12,0.9595,0.0405,2565.02,46
C103808,at_risk,107861.66,21,0.5692,0.4308,9023.69,38
C103809,high_value,2089592.51,68,0.8835,0.1165,34780.4,60
C103810,regular,440581.06,29,0.9098,0.0902,16698.46,29
C103811,new,6366.0,3,0.9104,0.0896,2330.73,86
C103812,regular,171711.25,26,0.967,0.033,6829.8,49
C103813,new,5510.12,2,0.755,0.245,3648.85,27
C103814,regular,261866.8,32,0.9291,0.0709,8807.78,23
C103815,regular,357463.1,28,0.9427,0.0573,13541.93,7
C103816,regular,291677.01,33,0.8484,0.1516,10417.8,65
C103817,regular,46497.83,11,0.9716,0.0284,4350.49,9
C103818,regular,106078.19,13,0.9025,0.0975,9041.74,83
C103819,high_value,1899789.48,59,0.9559,0.0441,33684.66,17
C103820,high_value,2042310.51,58,0.9611,0.0389,36638.58,19
C103821,regular,209466.39,12,0.9615,0.0385,18154.4,112
C103822,regular,24467.16,7,0.876,0.124,3990.0,62
C103823,new,3311.02,4,0.7032,0.2968,1177.15,37
C103824,high_value,2367237.13,59,0.9745,0.0255,41171.17,105
C103825,regular,477370.39,28,0.818,0.182,20841.33,32
C103826,regular,180098.15,25,0.8965,0.1035,8036.06,24
C103827,regular,39475.95,8,0.9634,0.0366,5121.91,40
C103828,at_risk,35915.19,27,0.6461,0.3539,2058.93,68
C103829,regular,41860.31,11,0.9569,0.0431,3976.86,11
C103830,regular,59310.98,11,0.9379,0.0621,5748.82,18
C103831,regular,37509.71,17,0.995,0.005,2217.54,14
C103832,regular,86836.39,19,0.8835,0.1165,5172.82,12
C103833,regular,73071.28,14,0.9279,0.0721,5624.84,30
C103834,regular,102554.71,32,0.8903,0.1097,3599.79,12
C103835,regular,112161.76,12,0.9531,0.0469,9807.2,6
C103836,regular,115026.55,22,0.9072,0.0928,5763.13,18
C103837,new,663.8,1,0.8573,0.1427,774.25,17
C103838,high_value,4411925.0,69,0.9361,0.0639,68304.71,47
C103839,regular,80273.96,18,0.9733,0.0267,4581.91,64
C103840,regular,86546.37,17,0.9367,0.0633,5435.05,21
C103841,regular,208198.08,29,0.9085,0.0915,7901.96,18
C103842,regular,214990.6,34,0.9344,0.0656,6767.11,108
C103843,regular,24448.08,6,0.9218,0.0782,4420.56,63
C103844,at_risk,17370.45,8,0.636,0.364,3413.91,43
C103845,regular,119194.58,19,0.9007,0.0993,6965.1,26
C103846,high_value,1398917.35,40,0.9284,0.0716,37668.96,62
C103847,regular,50913.9,9,0.8949,0.1051,6321.33,13
C103848,regular,52156.91,18,0.8343,0.1657,3473.27,63
C103849,regular,120916.42,23,0.9479,0.0521,5546.26,49
C103850,regular,129841.75,17,0.8544,0.1456,8939.13,55
C103851,regular,112213.55,14,0.9002,0.0998,8903.8,38
C103852,regular,80689.2,15,0.9392,0.0608,5727.74,10
C103853,regular,125141.38,14,0.9478,0.0522,9431.24,14
C103854,regular,47215.24,15,0.8301,0.1699,3791.75,51
C103855,regular,55901.13,16,0.9059,0.0941,3856.88,47
C103856,high_value,1668437.49,56,0.9807,0.0193,30380.21,22
C103857,regular,129120.49,25,0.9123,0.0877,5661.06,22
C103858,regular,115001.37,8,0.9705,0.0295,14812.38,75
C103859,new,8928.5,2,0.743,0.257,6008.26,34
C103860,regular,40705.16,7,0.8178,0.1822,7110.63,17
C103861,new,6719.54,3,0.8165,0.1835,2743.35,83
C103862,regular,98973.71,20,0.8858,0.1142,5586.49,78
C103863,regular,315660.34,25,0.8309,0.1691,15196.7,34
C103864,at_risk,53310.12,21,0.6129,0.3871,4142.13,39
C103865,regular,69664.92,13,0.9654,0.0346,5551.04,63
C103866,regular,208509.6,11,0.8532,0.1468,22218.06,53
C103867,regular,117171.39,24,0.995,0.005,4906.67,10
C103868,regular,55253.82,17,0.8723,0.1277,3726.06,85
C103869,regular,146367.82,27,0.9139,0.0861,5931.65,8
C103870,regular,48467.8,10,0.8551,0.1449,5667.83,47
C103871,regular,34210.26,9,0.9119,0.0881,4168.5,12
C103872,new,6856.84,3,0.774,0.226,2953.06,53
C103873,new,17130.5,4,0.713,0.287,6006.72,19
C103874,at_risk,318109.96,29,0.7472,0.2528,14681.29,20
C103875,regular,531030.79,22,0.8877,0.1123,27191.05,60
C103876,new,6575.94,1,0.7577,0.2423,8678.25,12
C103877,at_risk,250844.99,28,0.6636,0.3364,13500.09,22
C103878,new,12805.52,3,0.8616,0.1384,4953.92,12
C103879,regular,126489.12,17,0.9607,0.0393,7744.99,37
C103880,regular,193916.83,27,0.8559,0.1441,8390.83,12
C103881,at_risk,157454.83,38,0.6296,0.3704,6580.97,44
C103882,regular,83224.26,20,0.8253,0.1747,5041.83,78
C103883,regular,71951.07,16,0.9506,0.0494,4730.75,4
C103884,at_risk,64267.81,21,0.5464,0.4536,5600.8,19
C103885,new,36466.6,4,0.7439,0.2561,12255.93,13
C103886,at_risk,284389.46,36,0.6199,0.3801,12744.42,10
C103887,high_value,3316771.68,60,0.98,0.02,56406.23,43
C103888,at_risk,91072.6,39,0.6083,0.3917,3839.15,40
C103889,regular,111783.67,10,0.9784,0.0216,11425.63,85
C103890,new,7885.89,2,0.8125,0.1875,4852.58,56
C103891,regular,24282.31,10,0.939,0.061,2585.94,35
C103892,regular,80000.42,27,0.8547,0.1453,3466.78,42
C103893,regular,67159.36,12,0.9865,0.0135,5673.37,22
C103894,at_risk,157230.31,25,0.5839,0.4161,10771.74,43
C103895,regular,270083.07,20,0.9882,0.0118,13665.55,8
C103896,regular,152642.89,29,0.995,0.005,5290.0,31
C103897,regular,243994.55,32,0.9331,0.0669,8171.77,48
C103898,new,3520.4,1,0.8264,0.1736,4259.71,29
C103899,new,13120.12,5,0.6413,0.3587,4091.93,20
C103900,new,4681.93,4,0.7712,0.2288,1517.69,37
C103901,high_value,2152132.9,21,0.995,0.005,102997.51,17
C103902,regular,81646.17,13,0.9516,0.0484,6599.89,28
C103903,regular,102048.34,9,0.8551,0.1449,13259.9,60
C103904,regular,68269.77,28,0.8968,0.1032,2718.84,62
C103905,regular,193858.83,25,0.7959,0.2041,9743.32,40
C103906,high_value,2525216.44,52,0.9786,0.0214,49624.58,14
C103907,high_value,970559.63,33,0.8753,0.1247,33602.85,26
C103908,regular,83977.04,15,0.9609,0.0391,5826.45,37
C103909,high_value,833071.19,22,0.995,0.005,38057.16,19
C103910,regular,220949.64,23,0.8887,0.1113,10810.18,100
C103911,regular,42530.96,11,0.9335,0.0665,4142.08,19
C103912,high_value,787627.02,24,0.9502,0.0498,34536.66,35
C103913,regular,157731.74,26,0.9209,0.0791,6587.79,65
C103914,regular,142386.36,27,0.8584,0.1416,6143.68,90
C103915,regular,49182.0,14,0.938,0.062,3745.15,14
C103916,regular,51063.13,19,0.8361,0.1639,3214.19,8
C103917,regular,58642.81,15,0.8277,0.1723,4723.62,40
C103918,regular,37889.17,6,0.9045,0.0955,6981.5,108
C103919,regular,34740.75,9,0.9005,0.0995,4286.63,10
C103920,regular,164981.64,33,0.9223,0.0777,5420.9,27
C103921,high_value,592389.4,21,0.9308,0.0692,30307.12,42
C103922,regular,43549.38,19,0.9949,0.0051,2303.92,36
C103923,at_risk,51140.33,8,0.6272,0.3728,10191.75,47
C103924,regular,48797.03,10,0.9205,0.0795,5301.26,82
C103925,regular,73411.48,7,0.9189,0.0811,11413.25,66
C103926,regular,146398.63,16,0.9551,0.0449,9579.75,26
C103927,high_value,6227592.83,64,0.9859,0.0141,98695.7,9
C103928,new,20846.3,4,0.7999,0.2001,6515.36,69
C103929,at_risk,78675.72,18,0.6531,0.3469,6692.3,27
C103930,regular,174423.02,34,0.8279,0.1721,6196.57,36
C103931,regular,104815.65,17,0.8296,0.1704,7432.12,61
C103932,regular,127044.9,34,0.9066,0.0934,4121.67,68
C103933,new,2202.46,4,0.7711,0.2289,714.06,59
C103934,regular,297357.05,20,0.9361,0.0639,15882.91,97
C103935,regular,516954.44,28,0.9109,0.0891,20268.57,33
C103936,regular,186553.18,28,0.9362,0.0638,7116.78,20
C103937,regular,138456.21,6,0.8539,0.1461,27022.76,16
C103938,regular,24400.88,6,0.9095,0.0905,4471.4,21
C103939,new,6882.67,4,0.7197,0.2803,2390.97,22
C103940,new,11331.36,4,0.7974,0.2026,3552.56,40
C103941,new,4370.48,3,0.6955,0.3045,2094.71,50
C103942,new,2076.23,1,0.7957,0.2043,2609.4,14
C103943,regular,88209.73,32,0.8439,0.1561,3266.47,61
C103944,new,26473.2,3,0.7627,0.2373,11569.32,66
C103945,high_value,1126934.9,57,0.995,0.005,19870.14,51
C103946,regular,133604.95,33,0.9202,0.0798,4399.58,24
C103947,new,10128.04,2,0.7059,0.2941,7173.39,80
C103948,high_value,1052875.22,20,0.9297,0.0703,56621.89,33
C103949,regular,43678.32,9,0.8424,0.1576,5760.84,18
C103950,regular,463893.03,24,0.8337,0.1663,23183.45,14
C103951,at_risk,200815.67,31,0.6253,0.3747,10359.79,38
C103952,at_risk,137896.66,25,0.6452,0.3548,8548.9,24
C103953,regular,165694.23,32,0.9298,0.0702,5568.72,10
C103954,new,7235.39,4,0.8071,0.1929,2241.12,8
C103955,regular,121583.25,33,0.9095,0.0905,4051.11,42
C103956,at_risk,248540.04,37,0.6077,0.3923,11053.69,9
C103957,at_risk,63412.59,33,0.5717,0.4283,3361.12,3
C103958,new,5882.48,3,0.7602,0.2398,2579.37,66
C103959,regular,47220.23,14,0.8505,0.1495,3965.57,15
C103960,regular,307694.41,29,0.872,0.128,12168.06,47
C103961,new,5982.29,5,0.784,0.216,1526.09,37
C103962,regular,244256.45,24,0.9047,0.0953,11249.44,20
C103963,regular,158461.64,32,0.995,0.005,4976.81,85
C103964,regular,19678.51,10,0.8494,0.1506,2316.65,52
C103965,new,12857.36,3,0.7744,0.2256,5534.54,31
C103966,regular,67982.73,23,0.8459,0.1541,3494.1,16
C103967,new,6807.02,3,0.7625,0.2375,2975.55,49
C103968,regular,89893.18,6,0.8944,0.1056,16751.47,55
C103969,new,3987.36,5,0.818,0.182,974.88,35
C103970,at_risk,50076.94,7,0.5998,0.4002,11927.75,32
C103971,new,8647.97,3,0.7714,0.2286,3736.96,52
C103972,regular,135289.3,16,0.8906,0.1094,9493.87,31
C103973,new,6675.88,2,0.717,0.283,4655.73,18
C103974,new,9827.09,2,0.7507,0.2493,6545.68,10
C103975,regular,36096.18,6,0.8928,0.1072,6738.29,31
C103976,new,13069.86,5,0.7833,0.2167,3337.03,9
C103977,new,8847.17,4,0.8052,0.1948,2747.05,55
C103978,regular,294139.09,18,0.8994,0.1006,18167.97,31
C103979,regular,497361.99,29,0.8987,0.1013,19084.6,61
C103980,new,8942.5,1,0.7026,0.2974,12728.39,39
C103981,regular,148850.25,25,0.9343,0.0657,6372.78,47
C103982,regular,84847.76,15,0.8787,0.1213,6437.48,19
C103983,regular,80159.4,18,0.9436,0.0564,4719.38,29
C103984,regular,86195.32,16,0.9692,0.0308,5558.18,39
C103985,new,8135.97,3,0.7715,0.2285,3515.02,36
C103986,regular,66948.33,27,0.864,0.136,2870.03,35
C103987,regular,33848.76,13,0.9092,0.0908,2863.63,13
C103988,at_risk,346900.75,35,0.6357,0.3643,15591.6,6
C103989,at_risk,101501.19,17,0.6058,0.3942,9855.8,13
C103990,at_risk,232038.61,33,0.5946,0.4054,11825.19,2
C103991,regular,18858.36,8,0.9354,0.0646,2520.2,7
C103992,new,8966.24,2,0.8024,0.1976,5587.2,41
C103993,regular,211100.98,20,0.8944,0.1056,11801.04,27
C103994,regular,69032.93,30,0.8356,0.1644,2753.94,17
C103995,new,7892.27,4,0.8005,0.1995,2464.68,26
C103996,new,4085.58,1,0.7455,0.2545,5480.54,4
C103997,regular,331939.67,19,0.9196,0.0804,18997.01,30
C103998,regular,43865.4,11,0.9168,0.0832,4349.65,10
C103999,new,3777.46,4,0.695,0.305,1358.8,72
